institute_id,institute_name,total_docs,total_paragraphs,classified_paragraphs,classified_paragraph_share,classified_weight_sum,dominant_domain,dominant_domain_share,dominant_domain_runner_up,dominant_domain_runner_up_share,dominant_domain_gap,dominant_domain_tie_flag,dominant_domain_borderline_flag,low_volume_flag,year_min,year_max,security_strategy_salience_share,security_strategy_oriented_prop,security_strategy_rival_among_oriented,security_strategy_collaborator_among_oriented,security_strategy_rival_prop,security_strategy_collaborator_prop,security_strategy_neutral_prop,economy_trade_salience_share,economy_trade_oriented_prop,economy_trade_rival_among_oriented,economy_trade_collaborator_among_oriented,economy_trade_rival_prop,economy_trade_collaborator_prop,economy_trade_neutral_prop,science_technology_salience_share,science_technology_oriented_prop,science_technology_rival_among_oriented,science_technology_collaborator_among_oriented,science_technology_rival_prop,science_technology_collaborator_prop,science_technology_neutral_prop,environment_climate_salience_share,environment_climate_oriented_prop,environment_climate_rival_among_oriented,environment_climate_collaborator_among_oriented,environment_climate_rival_prop,environment_climate_collaborator_prop,environment_climate_neutral_prop,governance_law_salience_share,governance_law_oriented_prop,governance_law_rival_among_oriented,governance_law_collaborator_among_oriented,governance_law_rival_prop,governance_law_collaborator_prop,governance_law_neutral_prop,society_culture_salience_share,society_culture_oriented_prop,society_culture_rival_among_oriented,society_culture_collaborator_among_oriented,society_culture_rival_prop,society_culture_collaborator_prop,society_culture_neutral_prop,overall_rival_share,overall_collaborator_share,overall_neutral_share,overall_oriented_share,overall_rival_among_oriented,overall_collaborator_among_oriented,security_strategy_weight,economy_trade_weight,science_technology_weight,environment_climate_weight,governance_law_weight,society_culture_weight,security_strategy_rival_share,security_strategy_collaborator_share,security_strategy_neutral_share,economy_trade_rival_share,economy_trade_collaborator_share,economy_trade_neutral_share,science_technology_rival_share,science_technology_collaborator_share,science_technology_neutral_share,environment_climate_rival_share,environment_climate_collaborator_share,environment_climate_neutral_share,governance_law_rival_share,governance_law_collaborator_share,governance_law_neutral_share,society_culture_rival_share,society_culture_collaborator_share,society_culture_neutral_share
21st_century_china_center,21st Century China Center,227,227,181,0.797357,181.000002,security_strategy,0.264586,society_culture,0.257146,0.00744,False,True,False,2008.0,2026.0,0.264586,0.081997,0.874861,0.125139,0.071736,0.010261,0.918003,0.191298,0.027452,0.281473,0.718527,0.007727,0.019725,0.972547,0.129848,0.060429,0.039402,0.960598,0.002381,0.058048,0.939572,0.027069,0.0,0.0,0.0,0.0,0.0,1.0,0.130054,0.009384,0.565644,0.434356,0.005308,0.004076,0.990615,0.257146,0.022074,0.715502,0.284498,0.015794,0.00628,0.977926,0.02552,0.016171,0.95831,0.041691,0.612123,0.387877,47.890062,34.624887,23.502454,4.899412,23.53972,46.543467,3.435458,0.491402,43.963202,0.267555,0.682986,33.674347,0.055954000000000004,1.364259,22.082242,0.0,0.0,4.899412,0.124953,0.09595899999999999,23.318809,0.735124,0.29227,45.516073
asia_institute_china_related_programs,Asia Institute (China-related programs),165,165,129,0.781818,128.999995,society_culture,0.269727,governance_law,0.26231,0.007417,False,True,False,2000.0,2026.0,0.047428,0.053621,0.247105,0.752895,0.01325,0.040371,0.946378,0.215702,0.071321,0.312124,0.687876,0.022261,0.04906,0.928679,0.087985,0.0142,0.0,1.0,0.0,0.0142,0.9858,0.116848,0.011383,1.0,0.0,0.011383,0.0,0.988617,0.26231,0.093089,0.047428,0.952572,0.004415,0.088674,0.906911,0.269727,0.038696,0.014782,0.985218,0.000572,0.038124,0.961305,0.008073,0.047289,0.944638,0.055362,0.145822,0.854178,6.118227,27.825497,11.350053,15.073447,33.838025,34.794745999999996,0.081069,0.247001,5.790157,0.619428,1.3651170000000001,25.840952,0.0,0.161173,11.18888,0.171585,0.0,14.901862,0.14940799999999999,3.000538,30.688079,0.019897,1.326502,33.448347
asia_pacific_center_china_related_programs,Asia Pacific Center (China-related programs),98,98,47,0.479592,46.999998,society_culture,0.611493,security_strategy,0.129538,0.481955,False,False,False,2000.0,2025.0,0.129538,0.027693,0.020438,0.979562,0.000566,0.027127,0.972307,0.080738,0.000907,1.0,0.0,0.000907,0.0,0.999093,0.110126,0.01136,0.527025,0.472975,0.005987,0.005373,0.98864,0.0,0.0,0.0,0.0,0.0,0.0,0.0,0.068104,0.075235,0.0,1.0,0.0,0.075235,0.924765,0.611493,0.024622,0.233531,0.766469,0.00575,0.018872,0.975378,0.004322,0.02077,0.974909,0.025092,0.172246,0.827754,6.088306,3.794697,5.175919,0.0,3.200884,28.740192,0.003443,0.165158,5.919705,0.003443,0.0,3.791254,0.030986,0.027811,5.117122,0.0,0.0,0.0,0.0,0.240817,2.960067,0.165257,0.542381,28.032554
asia_pacific_studies_institute_china_related_work,Asia/Pacific Studies Institute (China-related work),86,86,49,0.569767,49.0,science_technology,0.394116,society_culture,0.227461,0.166655,False,False,False,2002.0,2025.0,0.092638,0.307716,0.0,1.0,0.0,0.307716,0.692284,0.188007,0.081803,0.0,1.0,0.0,0.081803,0.918197,0.394116,0.147179,0.0,1.0,0.0,0.147179,0.852821,0.047619,0.0,0.0,0.0,0.0,0.0,1.0,0.050159,0.0,0.0,0.0,0.0,0.0,1.0,0.227461,0.059027,0.0,1.0,0.0,0.059027,0.940973,0.0,0.115318,0.884682,0.115318,0.0,1.0,4.5392470000000005,9.212346,19.311704,2.333333,2.4577780000000002,11.145592,0.0,1.3968,3.142447,0.0,0.7535970000000001,8.458749000000001,0.0,2.842286,16.469418,0.0,0.0,2.333333,0.0,0.0,2.4577780000000002,0.0,0.657895,10.487697
australia_china_relations_institute,Australia-China Relations Institute,376,376,281,0.74734,280.999995,security_strategy,0.279936,environment_climate,0.230015,0.049921,False,True,False,2011.0,2026.0,0.279936,0.112915,0.294877,0.705123,0.033296,0.079619,0.887085,0.19619,0.070152,0.152626,0.847374,0.010707,0.059445,0.929847,0.123784,0.049627,0.353054,0.646946,0.017521,0.032106,0.950373,0.230015,0.042737,0.177832,0.822168,0.0076,0.035137,0.957264,0.028792,0.073217,0.439311,0.560689,0.032165,0.041052,0.926783,0.141282,0.077139,0.134653,0.865347,0.010387,0.066752,0.922862,0.017732,0.05662,0.925648,0.074352,0.238487,0.761513,78.662122,55.129405,34.783339,64.634163,8.090684,39.700282,2.619163,6.262992,69.779967,0.5902959999999999,3.277182,51.261927,0.609425,1.1167529999999999,33.057161,0.491199,2.2710280000000003,61.871936,0.260236,0.332136,7.498312,0.412351,2.650055,36.637876
australian_centre_on_china_in_the_world,Australian Centre on China in the World,54,54,34,0.62963,34.0,society_culture,0.361535,governance_law,0.234489,0.127046,False,False,False,2010.0,2026.0,0.224029,0.067044,0.0,1.0,0.0,0.067044,0.932956,0.059359,0.202032,0.0,1.0,0.0,0.202032,0.797968,0.105882,0.0,0.0,0.0,0.0,0.0,1.0,0.014706,0.0,0.0,0.0,0.0,0.0,1.0,0.234489,0.025946,0.0,1.0,0.0,0.025946,0.974054,0.361535,0.101278,0.0,1.0,0.0,0.101278,0.898722,0.0,0.069712,0.930288,0.069712,0.0,1.0,7.61699,2.018212,3.6,0.5,7.972619,12.292179,0.0,0.510675,7.106315,0.0,0.407744,1.610468,0.0,0.0,3.6,0.0,0.0,0.5,0.0,0.206859,7.76576,0.0,1.244929,11.04725
cambridge_centre_for_chinese_management,Cambridge Centre for Chinese Management,67,67,53,0.791045,53.0,science_technology,0.414106,economy_trade,0.304679,0.109427,False,False,False,2003.0,2025.0,0.09717,0.150666,0.919816,0.080184,0.138585,0.012081,0.849334,0.304679,0.035635,0.017763,0.982237,0.000633,0.035002,0.964365,0.414106,0.049485,0.181995,0.818005,0.009006,0.040479,0.950515,0.021527,0.165151,0.081441,0.918559,0.01345,0.151701,0.83485,0.041063,0.103728,0.790221,0.209779,0.081968,0.02176,0.896272,0.121455,0.136866,0.664446,0.335554,0.09094,0.045926,0.863134,0.032089,0.038338,0.929573,0.070427,0.455635,0.544365,5.149987,16.148004,21.947639,1.140955,2.176316,6.437099,0.713713,0.062215,4.37406,0.010228,0.565206,15.572571,0.197661,0.888428,20.86155,0.015345999999999999,0.17308400000000002,0.952526,0.178389,0.047355999999999995,1.950571,0.585388,0.295632,5.55608
carnegie_china,Carnegie China,40,40,30,0.75,30.0,economy_trade,0.358471,security_strategy,0.220826,0.137645,False,False,False,2010.0,2025.0,0.220826,0.070004,0.228658,0.771342,0.016007,0.053997,0.929996,0.358471,0.217057,0.788387,0.211613,0.171125,0.045932,0.782943,0.137402,0.006654,0.058762,0.941238,0.000391,0.006263,0.993346,0.062172,0.002022,0.058853,0.941147,0.000119,0.001903,0.997978,0.124178,0.008835,0.058857,0.941143,0.00052,0.008315,0.991165,0.09695,0.012683,0.022944,0.977056,0.000291,0.012392,0.987317,0.065032,0.031602,0.903366,0.096634,0.672972,0.327028,6.624795,10.754116,4.1220490000000005,1.865172,3.7253540000000003,2.908514,0.106041,0.35772000000000004,6.161034,1.8402990000000001,0.493958,8.419859,0.001613,0.025815,4.09462,0.000222,0.00355,1.861401,0.001936,0.030978,3.69244,0.000847,0.036041000000000004,2.871626
center_for_asian_studies_china_related_work,Center for Asian Studies (China-related work),71,71,65,0.915493,65.000001,security_strategy,0.355086,society_culture,0.333802,0.021284,False,True,False,2003.0,2025.0,0.355086,0.276974,0.807343,0.192657,0.223613,0.053361,0.723026,0.088514,0.044584,0.949735,0.050265,0.042343,0.002241,0.955416,0.045684,0.099574,0.563922,0.436078,0.056152,0.043422,0.900426,0.0,0.0,0.0,0.0,0.0,0.0,0.0,0.176914,0.149613,0.439608,0.560392,0.065771,0.083842,0.850387,0.333802,0.005885,0.394053,0.605947,0.002319,0.003566,0.994116,0.098125,0.037153,0.864722,0.135278,0.725358,0.274642,23.080607,5.753402,2.969462,0.0,11.499385,21.697145,5.161116,1.231609,16.687883,0.243616,0.012894,5.496892,0.166741,0.128939,2.673782,0.0,0.0,0.0,0.7563310000000001,0.964132,9.778923,0.050305,0.077363,21.569477
center_for_china_analysis,Center for China Analysis,2,2,1,0.5,1.0,science_technology,1.0,security_strategy,0.0,1.0,False,False,True,2023.0,2026.0,0.0,0.0,0.0,0.0,0.0,0.0,0.0,0.0,0.0,0.0,0.0,0.0,0.0,0.0,1.0,0.0,0.0,0.0,0.0,0.0,1.0,0.0,0.0,0.0,0.0,0.0,0.0,0.0,0.0,0.0,0.0,0.0,0.0,0.0,0.0,0.0,0.0,0.0,0.0,0.0,0.0,0.0,0.0,0.0,1.0,0.0,0.0,0.0,0.0,0.0,1.0,0.0,0.0,0.0,0.0,0.0,0.0,0.0,0.0,0.0,0.0,0.0,1.0,0.0,0.0,0.0,0.0,0.0,0.0,0.0,0.0,0.0
center_for_china_studies,Center for China Studies,1,1,1,1.0,1.0,society_culture,1.0,security_strategy,0.0,1.0,False,False,True,2006.0,2006.0,0.0,0.0,0.0,0.0,0.0,0.0,0.0,0.0,0.0,0.0,0.0,0.0,0.0,0.0,0.0,0.0,0.0,0.0,0.0,0.0,0.0,0.0,0.0,0.0,0.0,0.0,0.0,0.0,0.0,0.0,0.0,0.0,0.0,0.0,0.0,1.0,0.0,0.0,0.0,0.0,0.0,1.0,0.0,0.0,1.0,0.0,0.0,0.0,0.0,0.0,0.0,0.0,0.0,1.0,0.0,0.0,0.0,0.0,0.0,0.0,0.0,0.0,0.0,0.0,0.0,0.0,0.0,0.0,0.0,0.0,0.0,1.0
center_for_chinese_studies,Center for Chinese Studies,432,432,314,0.726852,313.999997,society_culture,0.424896,economy_trade,0.191243,0.233653,False,False,False,2000.0,2025.0,0.13981,0.080701,0.19234,0.80766,0.015522,0.065179,0.919299,0.191243,0.113493,0.208207,0.791793,0.02363,0.089863,0.886507,0.080246,0.143529,0.17168,0.82832,0.024641,0.118888,0.856471,0.015969,0.013284,1.0,0.0,0.013284,0.0,0.986716,0.147836,0.088567,0.410153,0.589847,0.036326,0.052241,0.911433,0.424896,0.066086,0.421526,0.578474,0.027857,0.038229,0.933913,0.026085,0.059805,0.914109,0.08589,0.303702,0.696298,43.900442,60.050209,25.19715,5.014335,46.420423,133.417438,0.6814279999999999,2.86139,40.357624,1.418985,5.396309,53.234915,0.6208790000000001,2.995645,21.580626,0.066608,0.0,4.947727,1.686264,2.425063,42.309096,3.71667,5.100442,124.600326
center_for_chinese_studies_berkeley,Center for Chinese Studies,84,84,71,0.845238,71.000004,society_culture,0.53585,security_strategy,0.220357,0.315493,False,False,False,2000.0,2024.0,0.220357,0.175248,0.202764,0.797236,0.035534,0.139714,0.824753,0.082615,0.119369,0.141318,0.858682,0.016869,0.1025,0.880631,0.117824,0.050879,0.298984,0.701016,0.015212,0.035667,0.949121,0.001373,0.104434,0.5,0.5,0.052217,0.052217,0.895565,0.041982,0.05416,0.863848,0.136152,0.046786,0.007374,0.94584,0.53585,0.036297,0.286966,0.713034,0.010416,0.025881,0.963703,0.018633,0.057707,0.92366,0.07634,0.244079,0.755921,15.645315,5.865679,8.365478,0.097458,2.9807420000000002,38.045332,0.555935,2.185866,12.903513,0.098948,0.601233,5.1654979999999995,0.127252,0.298373,7.939853,0.005089,0.005089,0.08728,0.139457,0.021979000000000002,2.819305,0.396273,0.98465,36.664407
center_for_chinese_studies_hawaii_manoa,Center for Chinese Studies,82,82,69,0.841463,69.000004,society_culture,0.553845,security_strategy,0.205005,0.34884,False,False,False,2000.0,2024.0,0.205005,0.193831,0.202764,0.797236,0.039302,0.154529,0.806169,0.069213,0.036464,0.568204,0.431796,0.020719,0.015745,0.963536,0.122978,0.050159,0.298969,0.701031,0.014996,0.035163,0.949841,0.002572,0.057354,0.5,0.5,0.028677,0.028677,0.942646,0.046388,0.050437,0.86385,0.13615,0.04357,0.006867,0.949563,0.553845,0.036135,0.286952,0.713048,0.010369,0.025766,0.963865,0.019173,0.051756,0.929071,0.070929,0.270313,0.729687,14.145315,4.775679,8.485478,0.177458,3.200742,38.215332000000004,0.555935,2.185866,11.403513,0.09894800000000001,0.075194,4.601537,0.127252,0.298373,8.059853,0.005089,0.005089,0.16727999999999998,0.139457,0.021979000000000002,3.039305,0.396273,0.98465,36.834407
center_for_chinese_studies_michigan,Center for Chinese Studies,82,82,69,0.841463,69.000004,society_culture,0.553845,security_strategy,0.205005,0.34884,False,False,False,2000.0,2024.0,0.205005,0.193831,0.202764,0.797236,0.039302,0.154529,0.806169,0.069213,0.036464,0.568204,0.431796,0.020719,0.015745,0.963536,0.122978,0.050159,0.298969,0.701031,0.014996,0.035163,0.949841,0.002572,0.057354,0.5,0.5,0.028677,0.028677,0.942646,0.046388,0.050437,0.86385,0.13615,0.04357,0.006867,0.949563,0.553845,0.036135,0.286952,0.713048,0.010369,0.025766,0.963865,0.019173,0.051756,0.929071,0.070929,0.270313,0.729687,14.145315,4.775679,8.485478,0.177458,3.200742,38.215332,0.555935,2.185866,11.403513,0.09894800000000001,0.075194,4.601537,0.127252,0.298373,8.059853,0.005089,0.005089,0.16727999999999998,0.139457,0.021979000000000002,3.039305,0.396273,0.98465,36.834407
center_for_east_asian_studies,Center for East Asian Studies,76,76,52,0.684211,52.000001,society_culture,0.752447,economy_trade,0.06749,0.684957,False,False,False,2000.0,2026.0,0.05483,0.093083,0.0,1.0,0.0,0.093083,0.906917,0.06749,0.132913,0.070678,0.929322,0.009394,0.123519,0.867087,0.064087,0.0373,0.159115,0.840885,0.005935,0.031365,0.9627,0.000566,0.0,0.0,0.0,0.0,0.0,1.0,0.06058,0.187136,0.0,1.0,0.0,0.187136,0.812864,0.752447,0.073442,0.089486,0.910514,0.006572,0.06687,0.926558,0.005959,0.077103,0.916938,0.083062,0.071742,0.928258,2.851156,3.509456,3.332527,0.029412,3.150182,39.127268,0.0,0.265393,2.585763,0.032967,0.433485,3.043004,0.01978,0.104524,3.208223,0.0,0.0,0.029412,0.0,0.589514,2.560668,0.257139,2.616427,36.253702
center_for_international_and_regional_studies_china_related_work,Center for International and Regional Studies (China-related work),22,22,15,0.681818,14.999999,society_culture,0.354506,economy_trade,0.32725,0.027256,False,True,False,2000.0,2025.0,0.153183,0.0,0.0,0.0,0.0,0.0,1.0,0.32725,0.0,0.0,0.0,0.0,0.0,1.0,0.038596,0.0,0.0,0.0,0.0,0.0,1.0,0.126465,0.0,0.0,0.0,0.0,0.0,1.0,0.0,0.0,0.0,0.0,0.0,0.0,0.0,0.354506,0.0,0.0,0.0,0.0,0.0,1.0,0.0,0.0,1.0,0.0,0.0,0.0,2.297745,4.908754,0.578947,1.896969,0.0,5.317584,0.0,0.0,2.297745,0.0,0.0,4.908754,0.0,0.0,0.578947,0.0,0.0,1.896969,0.0,0.0,0.0,0.0,0.0,5.317584
center_on_u_s_china_relations,Center on U.S.-China Relations,181,181,151,0.834254,150.999999,security_strategy,0.447977,governance_law,0.174078,0.273899,False,False,False,2006.0,2026.0,0.447977,0.181013,0.458868,0.541132,0.083061,0.097952,0.818987,0.122948,0.075489,0.163891,0.836109,0.012372,0.063117,0.92451,0.104433,0.142624,0.398446,0.601554,0.056828,0.085796,0.857376,0.049457,0.088606,0.326705,0.673295,0.028948,0.059658,0.911393,0.174078,0.098995,0.416839,0.583161,0.041265,0.05773,0.901005,0.101106,0.029451,0.190927,0.809073,0.005623,0.023828,0.970549,0.053849,0.076009,0.870142,0.129858,0.414676,0.585324,67.644587,18.565178,15.769331,7.468029,26.285833,15.267041,5.618636,6.625908,55.400043000000004,0.229694,1.171784,17.1637,0.8961379999999999,1.352945,13.520248,0.216188,0.44552800000000004,6.806313,1.084674,1.5174860000000001,23.683673,0.08585,0.363778,14.817413
centre_d_tudes_fran_ais_sur_la_chine_contemporaine_cefc,Centre d'Études Français sur la Chine Contemporaine (CEFC),337,337,258,0.765579,257.999999,society_culture,0.465902,security_strategy,0.216683,0.249219,False,False,False,2000.0,2026.0,0.216683,0.07962,0.400515,0.599485,0.031889,0.047731,0.92038,0.110166,0.068513,0.053917,0.946083,0.003694,0.064819,0.931487,0.065213,0.069266,0.409855,0.590145,0.028389,0.040877,0.930735,0.005419,0.0,0.0,0.0,0.0,0.0,1.0,0.136618,0.028128,0.171644,0.828356,0.004828,0.0233,0.971872,0.465902,0.04225,0.281065,0.718935,0.011875,0.030375,0.957749,0.01536,0.037484,0.947156,0.052844,0.290667,0.709333,55.904225,28.422726,16.824828,1.398111,35.247481,120.202628,1.782711,2.66836,51.453154,0.105,1.8423209999999999,26.475406,0.47763300000000003,0.687745,15.65945,0.0,0.0,1.398111,0.170163,0.821271,34.256047,1.427462,3.6511940000000003,115.123972
centre_for_china_studies,Centre for China Studies,89,89,77,0.865169,77.000001,security_strategy,0.54572,society_culture,0.19336,0.35236,False,False,False,2007.0,2025.0,0.54572,0.157384,0.361778,0.638222,0.056938,0.100446,0.842616,0.09683,0.172494,0.012534,0.987466,0.002162,0.170332,0.827506,0.061321,0.056558,0.060363,0.939637,0.003414,0.053144,0.943442,0.007701,0.461933,0.0,1.0,0.0,0.461933,0.538067,0.095069,0.04268,0.080483,0.919517,0.003435,0.039245,0.957321,0.19336,0.096133,0.300646,0.699354,0.028902,0.067231,0.903868,0.037406,0.094855,0.867739,0.132261,0.28282,0.71718,42.020436000000004,7.455878,4.721709,0.59296,7.320311,14.888707,2.3925460000000003,4.220792,35.407098,0.016118,1.269975,6.169784,0.016118,0.250931,4.454659,0.0,0.273908,0.319052,0.025143,0.287282,7.007886,0.430307,1.000981,13.457419
china_africa_research_initiative,China Africa Research Initiative,68,68,58,0.852941,58.000001,economy_trade,0.654821,society_culture,0.125982,0.528839,False,False,False,2014.0,2025.0,0.10933,0.133374,0.005931,0.994069,0.000791,0.132583,0.866626,0.654821,0.182743,0.015984,0.984016,0.002921,0.179822,0.817258,0.064171,0.184492,0.055542,0.944458,0.010247,0.174245,0.815509,0.007102,0.366908,0.036036,0.963964,0.013222,0.353686,0.633095,0.038594,0.161314,0.035645,0.964355,0.00575,0.155564,0.838686,0.125982,0.058468,0.031864,0.968136,0.001863,0.056605,0.941532,0.003207,0.159074,0.837718,0.162281,0.019762,0.980238,6.341165,37.979632,3.721912,0.411891,2.238438,7.306963,0.005019,0.840728,5.495418,0.110926,6.829557,31.039151,0.038138,0.648523,3.035251,0.0054459999999999995,0.14568,0.260766,0.01287,0.348221,1.877346,0.013614999999999999,0.41361000000000003,6.879738
china_institute,China Institute,117,117,74,0.632479,73.999997,security_strategy,0.215539,society_culture,0.182101,0.033438,False,True,False,2001.0,2026.0,0.215539,0.11963,0.0,1.0,0.0,0.11963,0.88037,0.163909,0.072765,0.127108,0.872892,0.009249,0.063516,0.927236,0.133894,0.078176,0.0,1.0,0.0,0.078176,0.921824,0.171244,0.002558,0.0,1.0,0.0,0.002558,0.997442,0.133313,0.096481,0.117868,0.882132,0.011372,0.085109,0.903519,0.182101,0.074628,0.0,1.0,0.0,0.074628,0.925372,0.003032,0.072037,0.924931,0.075069,0.04039,0.95961,15.949906,12.129259,9.90814,12.672029,9.86516,13.475503,0.0,1.9080949999999999,14.041811,0.112183,0.770396,11.24668,0.0,0.774577,9.133563,0.0,0.032417,12.639612,0.112183,0.8396140000000001,8.913363,0.0,1.005651,12.469852
china_institute_birmingham,China Institute,146,146,105,0.719178,104.999998,security_strategy,0.412449,society_culture,0.200047,0.212402,False,False,False,2001.0,2025.0,0.412449,0.117353,0.113938,0.886062,0.013371,0.103982,0.882647,0.115017,0.130637,0.078002,0.921998,0.01019,0.120447,0.869363,0.140937,0.101359,0.0,1.0,0.0,0.101359,0.898641,0.057174,0.074708,0.0,1.0,0.0,0.074708,0.925292,0.074376,0.033695,0.0,1.0,0.0,0.033695,0.966305,0.200047,0.064264,0.00375,0.99625,0.000241,0.064023,0.935736,0.006735,0.090611,0.902654,0.097346,0.069186,0.930814,43.307131,12.076834,14.798371,6.003251000000001,7.809503,21.004908,0.579063,4.50318,38.224888,0.123064,1.454621,10.499149,0.0,1.499952,13.298419,0.0,0.448491,5.55476,0.0,0.263144,7.546359,0.005057,1.3448069999999999,19.655044
china_institute_chulalongkorn,China Institute,146,146,105,0.719178,104.999998,security_strategy,0.413084,society_culture,0.199412,0.213672,False,False,False,2001.0,2025.0,0.413084,0.117174,0.113942,0.886058,0.013351,0.103823,0.882827,0.115017,0.130637,0.078002,0.921998,0.01019,0.120447,0.869363,0.140937,0.101359,0.0,1.0,0.0,0.101359,0.898641,0.057174,0.074708,0.0,1.0,0.0,0.074708,0.925292,0.074376,0.033695,0.0,1.0,0.0,0.033695,0.966305,0.199412,0.064469,0.003754,0.996246,0.000242,0.064227,0.935531,0.006735,0.090611,0.902654,0.097346,0.069186,0.930814,43.373798,12.076834,14.798371,6.003251000000001,7.809502999999999,20.938241,0.579063,4.50318,38.291555,0.123064,1.454621,10.499149,0.0,1.499952,13.298418999999999,0.0,0.448491,5.55476,0.0,0.263144,7.546359,0.005057,1.344807,19.588377
china_institute_csun,China Institute,146,146,105,0.719178,104.999998,security_strategy,0.412449,society_culture,0.200047,0.212402,False,False,False,2001.0,2025.0,0.412449,0.117353,0.113938,0.886062,0.013371,0.103982,0.882647,0.115017,0.130637,0.078002,0.921998,0.01019,0.120447,0.869363,0.140937,0.101359,0.0,1.0,0.0,0.101359,0.898641,0.057174,0.074708,0.0,1.0,0.0,0.074708,0.925292,0.074376,0.033695,0.0,1.0,0.0,0.033695,0.966305,0.200047,0.064264,0.00375,0.99625,0.000241,0.064023,0.935736,0.006735,0.090611,0.902654,0.097346,0.069186,0.930814,43.307131,12.076834,14.798371,6.003251,7.809502999999999,21.004908,0.579063,4.50318,38.224888,0.123064,1.454621,10.499149,0.0,1.499952,13.298418999999999,0.0,0.448491,5.55476,0.0,0.263144,7.546359,0.005057,1.344807,19.655044
china_institute_malaya,China Institute,146,146,105,0.719178,104.999998,security_strategy,0.413084,society_culture,0.199412,0.213672,False,False,False,2001.0,2025.0,0.413084,0.117174,0.113942,0.886058,0.013351,0.103823,0.882827,0.115017,0.130637,0.078002,0.921998,0.01019,0.120447,0.869363,0.140937,0.101377,0.0,1.0,0.0,0.101377,0.898623,0.057174,0.074708,0.0,1.0,0.0,0.074708,0.925292,0.074376,0.033695,0.0,1.0,0.0,0.033695,0.966305,0.199412,0.064469,0.003754,0.996246,0.000242,0.064227,0.935531,0.006735,0.090614,0.902651,0.097349,0.069184,0.930816,43.373798,12.076834,14.798371,6.003251000000001,7.809503,20.938240999999998,0.579063,4.50318,38.291555,0.123064,1.454621,10.499149,0.0,1.5002149999999999,13.298156,0.0,0.448491,5.55476,0.0,0.263144,7.546359,0.005057,1.3448069999999999,19.588377
china_institute_waterloo,China Institute,146,146,105,0.719178,104.999998,security_strategy,0.413084,society_culture,0.199412,0.213672,False,False,False,2001.0,2025.0,0.413084,0.117174,0.113942,0.886058,0.013351,0.103823,0.882827,0.115017,0.130637,0.078002,0.921998,0.01019,0.120447,0.869363,0.140937,0.101359,0.0,1.0,0.0,0.101359,0.898641,0.057174,0.074708,0.0,1.0,0.0,0.074708,0.925292,0.074376,0.033695,0.0,1.0,0.0,0.033695,0.966305,0.199412,0.064469,0.003754,0.996246,0.000242,0.064227,0.935531,0.006735,0.090611,0.902654,0.097346,0.069186,0.930814,43.373798,12.076834,14.798371,6.003251,7.809503,20.938241,0.579063,4.50318,38.291555,0.123064,1.454621,10.499149,0.0,1.499952,13.298418999999999,0.0,0.448491,5.55476,0.0,0.263144,7.546359,0.005057,1.3448069999999999,19.588377
china_matters,China Matters,55,55,42,0.763636,41.999998,security_strategy,0.349201,economy_trade,0.243135,0.106066,False,False,False,2000.0,2024.0,0.349201,0.012407,0.478601,0.521399,0.005938,0.006469,0.987593,0.243135,0.009653,0.103906,0.896094,0.001003,0.00865,0.990347,0.071348,0.142114,0.028069,0.971931,0.003989,0.138125,0.857886,0.042692,0.006667,1.0,0.0,0.006667,0.0,0.993333,0.09752,0.002467,0.676125,0.323875,0.001668,0.000799,0.997534,0.196104,0.00304,0.477303,0.522697,0.001451,0.001589,0.99696,0.003334,0.014606,0.982059,0.01794,0.185842,0.814158,14.666444,10.211663,2.996622,1.793058,4.095838,8.236373,0.087096,0.094873,14.484475,0.010247,0.08833,10.113086,0.011954,0.413907,2.570761,0.011954,0.0,1.781104,0.006831,0.003271,4.085736,0.011954,0.013086,8.211333
china_policy_institute_cpi_analysis,China Policy Institute / CPI Analysis,565,565,385,0.681416,385.000001,economy_trade,0.264016,security_strategy,0.213915,0.050101,False,False,False,2005.0,2025.0,0.213915,0.133017,0.481435,0.518565,0.064039,0.068978,0.866983,0.264016,0.040567,0.13336,0.86664,0.00541,0.035157,0.959433,0.111672,0.040282,0.089842,0.910158,0.003619,0.036663,0.959718,0.078039,0.011136,0.0,1.0,0.0,0.011136,0.988864,0.12427,0.023042,0.166131,0.833869,0.003828,0.019214,0.976958,0.208088,0.046151,0.179368,0.820632,0.008278,0.037873,0.953848,0.01773,0.039269,0.943001,0.056999,0.311058,0.688942,82.357114,101.646094,42.993675,30.045123,47.84394,80.114055,5.274078,5.680855,71.402181,0.549892,3.573556,97.522646,0.155608,1.576275,41.261792,0.0,0.334585,29.710538,0.18315,0.91926,46.74153,0.663211,3.0341780000000003,76.416666
china_research_center,China Research Center,2,2,2,1.0,2.0,science_technology,0.5,society_culture,0.5,0.0,True,True,True,2015.0,2019.0,0.0,0.0,0.0,0.0,0.0,0.0,0.0,0.0,0.0,0.0,0.0,0.0,0.0,0.0,0.5,0.0,0.0,0.0,0.0,0.0,1.0,0.0,0.0,0.0,0.0,0.0,0.0,0.0,0.0,0.0,0.0,0.0,0.0,0.0,0.0,0.5,0.0,0.0,0.0,0.0,0.0,1.0,0.0,0.0,1.0,0.0,0.0,0.0,0.0,0.0,1.0,0.0,0.0,1.0,0.0,0.0,0.0,0.0,0.0,0.0,0.0,0.0,1.0,0.0,0.0,0.0,0.0,0.0,0.0,0.0,0.0,1.0
china_research_centre,China Research Centre,2,2,0,0.0,0.0,security_strategy,0.0,economy_trade,0.0,0.0,True,True,True,2012.0,2014.0,0.0,0.0,0.0,0.0,0.0,0.0,0.0,0.0,0.0,0.0,0.0,0.0,0.0,0.0,0.0,0.0,0.0,0.0,0.0,0.0,0.0,0.0,0.0,0.0,0.0,0.0,0.0,0.0,0.0,0.0,0.0,0.0,0.0,0.0,0.0,0.0,0.0,0.0,0.0,0.0,0.0,0.0,0.0,0.0,0.0,0.0,0.0,0.0,0.0,0.0,0.0,0.0,0.0,0.0,0.0,0.0,0.0,0.0,0.0,0.0,0.0,0.0,0.0,0.0,0.0,0.0,0.0,0.0,0.0,0.0,0.0,0.0
china_studies_centre,China Studies Centre,195,195,149,0.764103,149.000001,security_strategy,0.49036,economy_trade,0.201072,0.289288,False,False,False,2010.0,2026.0,0.49036,0.112702,0.262054,0.737946,0.029534,0.083168,0.887298,0.201072,0.06642,0.069256,0.930744,0.0046,0.06182,0.93358,0.053562,0.078414,0.053039,0.946961,0.004159,0.074255,0.921586,0.017404,0.077796,0.428261,0.571739,0.033317,0.044479,0.922204,0.052509,0.076384,0.569111,0.430889,0.043471,0.032913,0.923617,0.185091,0.057197,0.095687,0.904313,0.005473,0.051724,0.942803,0.019506,0.069266,0.911229,0.088772,0.219731,0.780269,73.063697,29.959747,7.98081,2.593258,7.823894,27.578595,2.157857,6.076577,64.829264,0.137818,1.8521109999999998,27.969818,0.033192,0.5926180000000001,7.3549999999999995,0.0864,0.115345,2.391514,0.34011100000000005,0.257504,7.226279,0.150943,1.426467,26.001184
china_studies_program,China Studies Institute,168,168,115,0.684524,115.000001,society_culture,0.404606,security_strategy,0.200214,0.204392,False,False,False,2000.0,2026.0,0.200214,0.011084,0.0,1.0,0.0,0.011084,0.988916,0.152523,0.006118,0.0,1.0,0.0,0.006118,0.993882,0.10334,0.018809,0.0,1.0,0.0,0.018809,0.981191,0.054537,0.0,0.0,0.0,0.0,0.0,1.0,0.084779,0.003612,0.0,1.0,0.0,0.003612,0.996388,0.404606,0.046543,0.0,1.0,0.0,0.046543,0.953457,0.0,0.024234,0.975766,0.024234,0.0,1.0,23.024645,17.540156,11.884122,6.271788,9.749578,46.529712,0.0,0.2552,22.769445,0.0,0.107309,17.432847,0.0,0.223533,11.660589,0.0,0.0,6.271788,0.0,0.035212999999999994,9.714364999999999,0.0,2.165654,44.364058
china_studies_institute_yonsei,China Studies Institute,4,4,2,0.5,2.0,society_culture,0.629032,security_strategy,0.354839,0.274193,False,False,True,2011.0,2023.0,0.354839,0.600329,0.0,1.0,0.0,0.600329,0.399671,0.0,0.0,0.0,0.0,0.0,0.0,0.0,0.0,0.0,0.0,0.0,0.0,0.0,0.0,0.0,0.0,0.0,0.0,0.0,0.0,0.0,0.016129,0.600316,0.0,1.0,0.0,0.600316,0.399684,0.629032,0.123145,0.0,1.0,0.0,0.123145,0.876855,0.0,0.300165,0.699835,0.300165,0.0,1.0,0.709677,0.0,0.0,0.0,0.032258,1.258065,0.0,0.42604,0.283637,0.0,0.0,0.0,0.0,0.0,0.0,0.0,0.0,0.0,0.0,0.019365,0.012893,0.0,0.154924,1.103141
china_studies_institute_aascu,China Studies Institute,3,3,1,0.333333,1.0,society_culture,1.0,security_strategy,0.0,1.0,False,False,True,2011.0,2018.0,0.0,0.0,0.0,0.0,0.0,0.0,0.0,0.0,0.0,0.0,0.0,0.0,0.0,0.0,0.0,0.0,0.0,0.0,0.0,0.0,0.0,0.0,0.0,0.0,0.0,0.0,0.0,0.0,0.0,0.0,0.0,0.0,0.0,0.0,0.0,1.0,0.0,0.0,0.0,0.0,0.0,1.0,0.0,0.0,1.0,0.0,0.0,0.0,0.0,0.0,0.0,0.0,0.0,1.0,0.0,0.0,0.0,0.0,0.0,0.0,0.0,0.0,0.0,0.0,0.0,0.0,0.0,0.0,0.0,0.0,0.0,1.0
china_studies_institute,China Studies Institute,24,24,20,0.833333,19.999999,security_strategy,0.66648,society_culture,0.16093,0.50555,False,False,False,2011.0,2025.0,0.66648,0.089804,0.257639,0.742361,0.023137,0.066667,0.910196,0.0,0.0,0.0,0.0,0.0,0.0,0.0,0.075567,0.0,0.0,0.0,0.0,0.0,1.0,0.0,0.0,0.0,0.0,0.0,0.0,0.0,0.097023,0.00998,0.0,1.0,0.0,0.00998,0.99002,0.16093,0.048134,0.0,1.0,0.0,0.048134,0.951866,0.01542,0.053147,0.931433,0.068567,0.22489,0.77511,13.329597,0.0,1.511343,0.0,1.940468,3.218591,0.308404,0.888646,12.132547,0.0,0.0,0.0,0.0,0.0,1.511343,0.0,0.0,0.0,0.0,0.019365,1.921103,0.0,0.154924,3.0636669999999997
china_studies_program_chulalongkorn,China Studies Program,7,7,7,1.0,7.0,society_culture,0.379428,security_strategy,0.339587,0.039841,False,True,True,2007.0,2024.0,0.339587,0.266325,0.456837,0.543163,0.121667,0.144658,0.733676,0.080763,0.078702,0.5,0.5,0.039351,0.039351,0.921297,0.196429,0.408303,0.0,1.0,0.0,0.408303,0.591697,0.0,0.0,0.0,0.0,0.0,0.0,0.0,0.003793,0.0,0.0,0.0,0.0,0.0,1.0,0.379428,0.308848,0.00904,0.99096,0.002792,0.306056,0.691152,0.045554,0.248631,0.705815,0.294185,0.154848,0.845152,2.37711,0.565342,1.375,0.0,0.026549,2.655999,0.289215,0.343868,1.7440280000000001,0.022247,0.022247,0.520848,0.0,0.5614159999999999,0.813584,0.0,0.0,0.0,0.0,0.0,0.026549,0.007416,0.812884,1.835699
china_studies_program_washington,China Studies Program,11,11,11,1.0,11.0,society_culture,0.434928,security_strategy,0.286031,0.148897,False,False,True,2000.0,2024.0,0.286031,0.201212,0.456837,0.543163,0.091921,0.109291,0.798788,0.067205,0.060188,0.5,0.5,0.030094,0.030094,0.939812,0.125,0.408303,0.0,1.0,0.0,0.408303,0.591697,0.0,0.0,0.0,0.0,0.0,0.0,0.0,0.086836,0.0,0.0,0.0,0.0,0.0,1.0,0.434928,0.17146,0.00904,0.99096,0.00155,0.16991,0.82854,0.028989,0.15822,0.812792,0.187209,0.154848,0.845152,3.146341,0.739255,1.375,0.0,0.955195,4.784209,0.289215,0.343868,2.513259,0.022247,0.022247,0.694761,0.0,0.5614159999999999,0.813584,0.0,0.0,0.0,0.0,0.0,0.955195,0.007416,0.812884,3.963909
china_programme_twai,China programme,15,15,14,0.933333,14.000001,science_technology,0.286806,society_culture,0.242009,0.044797,False,True,True,2003.0,2025.0,0.176843,0.03284,0.0,1.0,0.0,0.03284,0.96716,0.098384,0.286594,0.0,1.0,0.0,0.286594,0.713406,0.286806,0.145415,0.0,1.0,0.0,0.145415,0.854585,0.014234,0.0,0.0,0.0,0.0,0.0,1.0,0.181723,0.219078,0.0,1.0,0.0,0.219078,0.780922,0.242009,0.019079,0.0,1.0,0.0,0.019079,0.980921,0.0,0.120139,0.879861,0.120139,0.0,1.0,2.475799,1.37738,4.015289,0.199275,2.544129,3.388129,0.0,0.081306,2.3944929999999998,0.0,0.394749,0.9826309999999999,0.0,0.583885,3.431404,0.0,0.0,0.199275,0.0,0.557363,1.9867659999999998,0.0,0.064641,3.323488
china_programme_ifri,China programme,15,15,14,0.933333,14.000001,science_technology,0.286806,society_culture,0.242009,0.044797,False,True,True,2003.0,2025.0,0.176843,0.03284,0.0,1.0,0.0,0.03284,0.96716,0.098384,0.286594,0.0,1.0,0.0,0.286594,0.713406,0.286806,0.145415,0.0,1.0,0.0,0.145415,0.854585,0.014234,0.0,0.0,0.0,0.0,0.0,1.0,0.181723,0.219078,0.0,1.0,0.0,0.219078,0.780922,0.242009,0.019079,0.0,1.0,0.0,0.019079,0.980921,0.0,0.120139,0.879861,0.120139,0.0,1.0,2.475799,1.37738,4.015289,0.199275,2.544129,3.388129,0.0,0.081306,2.394493,0.0,0.394749,0.982631,0.0,0.583885,3.431404,0.0,0.0,0.199275,0.0,0.5573629999999999,1.9867659999999998,0.0,0.064641,3.323488
china_programme,China programme,35,35,28,0.8,27.999996,security_strategy,0.384295,governance_law,0.243796,0.140499,False,False,False,2002.0,2025.0,0.384295,0.193233,0.459404,0.540596,0.088772,0.104461,0.806768,0.127887,0.156245,0.014855,0.985145,0.002321,0.153924,0.843755,0.205582,0.095873,0.813555,0.186445,0.077998,0.017875,0.904127,0.008571,0.074362,0.182903,0.817097,0.013601,0.060761,0.925634,0.243796,0.043062,0.305281,0.694719,0.013146,0.029916,0.956938,0.02987,0.064226,0.03796,0.96204,0.002438,0.061788,0.935774,0.053841,0.073163,0.872996,0.127004,0.423932,0.576068,10.760253,3.580823,5.756292,0.23998999999999998,6.82628,0.8363579999999999,0.9552069999999999,1.124022,8.681025,0.008311,0.551175,3.021337,0.44897799999999993,0.102896,5.204418,0.003264,0.014582000000000001,0.222143,0.089738,0.204216,6.5323269999999996,0.002039,0.051677,0.7826420000000001
china_programs,China programs,39,39,32,0.820513,32.000002,economy_trade,0.40055,society_culture,0.21447,0.18608,False,False,False,2004.0,2025.0,0.200383,0.153347,0.395123,0.604877,0.060591,0.092756,0.846653,0.40055,0.108596,0.390143,0.609857,0.042368,0.066228,0.891405,0.154289,0.029303,0.0,1.0,0.0,0.029303,0.970697,0.027183,0.786343,0.0,1.0,0.0,0.786343,0.213657,0.003125,0.57915,1.0,0.0,0.57915,0.0,0.42085,0.21447,0.0,0.0,0.0,0.0,0.0,1.0,0.030922,0.07101,0.898068,0.101932,0.303359,0.696641,6.41227,12.817598,4.937241,0.869842,0.1,6.863051,0.38852400000000004,0.594778,5.428968,0.5430510000000001,0.84888,11.425667,0.0,0.144676,4.792565,0.0,0.683994,0.18584799999999999,0.057915,0.0,0.042085,0.0,0.0,6.863051
chinese_studies_program,Chinese Studies Program,90,90,74,0.822222,74.0,society_culture,0.517695,governance_law,0.18716,0.330535,False,False,False,2003.0,2025.0,0.106061,0.238638,0.962768,0.037232,0.229753,0.008885,0.761362,0.121736,0.009409,0.0,1.0,0.0,0.009409,0.990591,0.041671,0.172761,0.582111,0.417889,0.100566,0.072195,0.827239,0.025676,0.0,0.0,0.0,0.0,0.0,1.0,0.18716,0.082232,0.454422,0.545578,0.037368,0.044864,0.917768,0.517695,0.038325,0.0,1.0,0.0,0.038325,0.961675,0.035552,0.033334,0.931114,0.068886,0.516099,0.483901,7.848547,9.008481,3.083664,1.9,13.849872,38.309436,1.803226,0.069735,5.975586,0.0,0.084757,8.923724,0.310112,0.22262500000000002,2.5509269999999997,0.0,0.0,1.9,0.517537,0.621361,12.710974,0.0,1.468221,36.841215
contemporary_china_studies_programme_ccsp,Contemporary China Studies Programme (CCSP),112,112,80,0.714286,80.0,society_culture,0.511848,economy_trade,0.153402,0.358446,False,False,False,2003.0,2025.0,0.080785,0.043646,0.189891,0.810109,0.008288,0.035358,0.956354,0.153402,0.096337,0.567456,0.432544,0.054667,0.04167,0.903663,0.100384,0.213994,0.0,1.0,0.0,0.213994,0.786006,0.0125,0.873871,0.0,1.0,0.0,0.873871,0.126129,0.141081,0.036007,0.922598,0.077402,0.03322,0.002787,0.963992,0.511848,0.005586,0.312209,0.687791,0.001744,0.003842,0.994414,0.014635,0.044013,0.941352,0.058648,0.24954,0.75046,6.462775000000001,12.272187,8.03075,1.0,11.286484,40.947804,0.053563,0.22851200000000002,6.1807,0.670881,0.511379,11.089927,0.0,1.7185350000000001,6.312215,0.0,0.873871,0.126129,0.374942,0.031461,10.880081,0.071417,0.157306,40.719081
cornell_china_center,Cornell China Center,32,32,24,0.75,24.000003,society_culture,0.305112,security_strategy,0.217821,0.087291,False,False,False,2012.0,2025.0,0.217821,0.054259,0.316187,0.683813,0.017156,0.037103,0.945741,0.190995,0.034358,0.586181,0.413819,0.02014,0.014218,0.965642,0.186687,0.073446,0.138265,0.861735,0.010155,0.063291,0.926554,0.005573,0.280403,0.0,1.0,0.0,0.280403,0.719597,0.093812,0.051236,0.022074,0.977926,0.001131,0.050105,0.948763,0.305112,0.035161,0.417906,0.582094,0.014694,0.020467,0.964838,0.014069,0.035121,0.95081,0.04919,0.286013,0.713987,5.227694,4.583886,4.4805,0.133754,2.251478,7.322691,0.08968499999999999,0.193962,4.944046,0.09232,0.065175,4.426391000000001,0.045501,0.283574,4.151426,0.0,0.037505,0.096249,0.002547,0.112811,2.13612,0.1076,0.149877,7.065213
durham_china_centre,Durham China Centre,236,236,139,0.588983,138.999996,economy_trade,0.239384,society_culture,0.216021,0.023363,False,True,False,2015.0,2026.0,0.168774,0.038415,0.127684,0.872316,0.004905,0.03351,0.961585,0.239384,0.020143,0.659336,0.340664,0.013281,0.006862,0.979856,0.210252,0.076814,0.239696,0.760304,0.018412,0.058402,0.923186,0.049182,0.094568,0.542372,0.457628,0.051291,0.043277,0.905431,0.116386,0.068092,0.355813,0.644187,0.024228,0.043864,0.931908,0.216021,0.039356,0.554528,0.445472,0.021824,0.017532,0.960644,0.017935,0.030598,0.951466,0.048533,0.369542,0.630458,23.459624,33.274381,29.225093,6.836316,16.177613,30.026969,0.115073,0.7861210000000001,22.55843,0.441929,0.228344,32.604108,0.538093,1.706799,26.980201,0.350644,0.295858,6.189814,0.391952,0.709616,15.076045,0.655316,0.526433,28.84522
east_asian_institute,East Asian Institute,174,174,148,0.850575,148.000004,economy_trade,0.33347,security_strategy,0.230999,0.102471,False,False,False,2000.0,2025.0,0.230999,0.159872,0.165113,0.834887,0.026397,0.133475,0.840128,0.33347,0.108048,0.046507,0.953493,0.005025,0.103023,0.891952,0.121295,0.075503,0.0,1.0,0.0,0.075503,0.924497,0.0,0.0,0.0,0.0,0.0,0.0,0.0,0.108464,0.047479,0.0,1.0,0.0,0.047479,0.952521,0.205772,0.049929,0.016403,0.983597,0.000819,0.04911,0.950071,0.007942,0.089601,0.902457,0.097543,0.081421,0.918579,34.187831,49.35356,17.951594,0.0,16.052734,30.454285,0.902457,4.563204,28.72217,0.247987,5.084575,44.020997,0.0,1.3554059999999999,16.596188,0.0,0.0,0.0,0.0,0.762171,15.290563,0.024932,1.495624,28.933729
east_asian_studies_center,East Asian Studies Center,170,170,89,0.523529,89.0,society_culture,0.468347,environment_climate,0.139321,0.329026,False,False,False,2001.0,2025.0,0.128742,0.072136,0.165243,0.834757,0.01192,0.060216,0.927865,0.135935,0.056349,0.106284,0.893716,0.005989,0.05036,0.943652,0.093201,0.034953,0.626613,0.373387,0.021902,0.013051,0.965047,0.139321,0.001124,1.0,0.0,0.001124,0.0,0.998876,0.034455,0.005486,0.207073,0.792927,0.001136,0.00435,0.994514,0.468347,0.01915,0.709504,0.290496,0.013587,0.005563,0.98085,0.010949,0.01857,0.970481,0.029519,0.370914,0.629086,11.457997,12.098195,8.294907,12.399574,3.066481,41.682846,0.136574,0.6899500000000001,10.631473,0.07245099999999999,0.60926,11.416484,0.181678,0.108255,8.004974,0.013935,0.0,12.385639,0.003484,0.013339,3.049658,0.5663330000000001,0.23188799999999998,40.884625
european_think_tank_network_on_china_etnc,European Think-tank Network on China (ETNC),33,33,25,0.757576,24.999999,security_strategy,0.382609,economy_trade,0.301511,0.081098,False,False,False,2014.0,2025.0,0.382609,0.11382,0.328387,0.671613,0.037377,0.076443,0.88618,0.301511,0.224811,0.310363,0.689637,0.069773,0.155038,0.775189,0.118503,0.063122,0.188952,0.811048,0.011927,0.051195,0.936879,0.0,0.0,0.0,0.0,0.0,0.0,0.0,0.149227,0.09078,0.104329,0.895671,0.009471,0.081309,0.90922,0.04815,0.06541,0.621358,0.378642,0.040643,0.024767,0.93459,0.040122,0.095386,0.864492,0.135508,0.296086,0.703914,9.56523,7.537781,2.962575,0.0,3.730674,1.2037390000000001,0.35751999999999995,0.7311960000000001,8.476514,0.525936,1.16864,5.843205,0.035334,0.151668,2.775573,0.0,0.0,0.0,0.035334,0.303337,3.392003,0.048924,0.029813,1.125002
fairbank_center_for_chinese_studies,Fairbank Center for Chinese Studies,133,133,88,0.661654,87.999995,security_strategy,0.551247,society_culture,0.165517,0.38573,False,False,False,2000.0,2025.0,0.551247,0.121852,0.307332,0.692668,0.037449,0.084403,0.878147,0.099079,0.098406,0.009989,0.990011,0.000983,0.097423,0.901594,0.085163,0.035046,0.180734,0.819266,0.006334,0.028712,0.964954,0.010621,0.0,0.0,0.0,0.0,0.0,1.0,0.088373,0.017115,0.446626,0.553374,0.007644,0.009471,0.982885,0.165517,0.099201,0.156984,0.843016,0.015573,0.083628,0.900799,0.024534,0.073304,0.902163,0.097838,0.250761,0.749239,48.509745,8.718954,7.494384,0.934659,7.776785,14.565468,1.816661,4.094373,42.59871,0.008575,0.849426,7.860953,0.047466999999999995,0.215179,7.231738,0.0,0.0,0.934659,0.059446,0.073657,7.643682,0.226821,1.2180819999999999,13.120565000000001
freeman_chair_in_china_studies,Freeman Chair in China Studies,75,75,51,0.68,51.000003,security_strategy,0.368409,governance_law,0.238369,0.13004,False,False,False,2000.0,2026.0,0.368409,0.221772,0.21156,0.78844,0.046918,0.174854,0.778229,0.182582,0.108192,0.567316,0.432684,0.061379,0.046813,0.891807,0.075905,0.093343,0.616683,0.383317,0.057563,0.03578,0.906657,0.005719,0.0,0.0,0.0,0.0,0.0,1.0,0.238369,0.041756,0.729931,0.270069,0.030479,0.011277,0.958244,0.129016,0.084306,0.577088,0.422912,0.048652,0.035654,0.915694,0.046403,0.082969,0.870628,0.129372,0.358679,0.641321,18.788852,9.311683,3.871146,0.291667,12.156845,6.57981,0.881529,3.285299,14.622025,0.5715439999999999,0.435911,8.304228,0.222835,0.13850800000000002,3.5098030000000002,0.0,0.0,0.291667,0.37052999999999997,0.137096,11.649219,0.320123,0.234595,6.025092
georgetown_initiative_for_u_s_china_dialogue_on_global_issues,Georgetown Initiative for U.S.-China Dialogue on Global Issues,33,33,28,0.848485,28.000001,security_strategy,0.372485,governance_law,0.18068,0.191805,False,False,False,2019.0,2026.0,0.372485,0.069188,1.0,0.0,0.069188,0.0,0.930812,0.115105,0.11792,1.0,0.0,0.11792,0.0,0.88208,0.075717,0.0,0.0,0.0,0.0,0.0,1.0,0.102473,0.0,0.0,0.0,0.0,0.0,1.0,0.18068,0.015135,1.0,0.0,0.015135,0.0,0.984865,0.153541,0.0,0.0,0.0,0.0,0.0,1.0,0.042079,0.0,0.957921,0.042079,1.0,0.0,10.429571,3.22295,2.120085,2.869231,5.059027,4.299137,0.721598,0.0,9.707973,0.380051,0.0,2.842899,0.0,0.0,2.120085,0.0,0.0,2.869231,0.076569,0.0,4.982458,0.0,0.0,4.299137
global_china_center,Global China Center,19,19,19,1.0,19.000003,economy_trade,0.392804,environment_climate,0.16118,0.231624,False,False,True,2006.0,2025.0,0.108592,0.46136,0.0,1.0,0.0,0.46136,0.53864,0.392804,0.080667,0.0,1.0,0.0,0.080667,0.919333,0.102944,0.019112,0.0,1.0,0.0,0.019112,0.980888,0.16118,0.129387,0.0,1.0,0.0,0.129387,0.870613,0.105868,0.0,0.0,0.0,0.0,0.0,1.0,0.128613,0.07666,0.0,1.0,0.0,0.07666,0.92334,0.0,0.114468,0.885532,0.114468,0.0,1.0,2.063242,7.463274,1.9559380000000002,3.062412,2.011496,2.443641,0.0,0.951897,1.111345,0.0,0.602043,6.861231,0.0,0.037381,1.918557,0.0,0.396236,2.666176,0.0,0.0,2.011496,0.0,0.18732900000000002,2.256312
hoover_china_s_global_sharp_power_project,Hoover China's Global Sharp Power Project,44,44,40,0.909091,39.999998,security_strategy,0.538756,science_technology,0.16546,0.373296,False,False,False,2018.0,2026.0,0.538756,0.249672,0.66494,0.33506,0.166017,0.083655,0.750328,0.093919,0.210835,0.379572,0.620428,0.080027,0.130808,0.789165,0.16546,0.211598,0.493568,0.506432,0.104438,0.10716,0.788402,0.00395,0.151722,0.455096,0.544904,0.069048,0.082674,0.848266,0.153106,0.192774,0.765695,0.234305,0.147606,0.045168,0.807226,0.044809,0.313746,0.890023,0.109977,0.279241,0.034505,0.686255,0.149623,0.083874,0.766503,0.233497,0.640792,0.359208,21.550228,3.756778,6.618384,0.158007,6.124258,1.792343,3.577697,1.802784,16.16975,0.300643,0.491416,2.964719,0.691213,0.709227,5.217946,0.01091,0.013063000000000002,0.134032,0.90398,0.27662,4.943658,0.500495,0.061843999999999996,1.230004
hopkins_nanjing_center,Hopkins-Nanjing Center,69,69,62,0.898551,62.0,economy_trade,0.480085,security_strategy,0.237072,0.243013,False,False,False,2004.0,2026.0,0.237072,0.253951,0.24485,0.75515,0.06218,0.191771,0.746048,0.480085,0.20068,0.13244,0.86756,0.026578,0.174102,0.79932,0.054312,0.062715,0.0,1.0,0.0,0.062715,0.937285,0.0,0.0,0.0,0.0,0.0,0.0,0.0,0.066633,0.155005,0.184826,0.815174,0.028649,0.126356,0.844996,0.161898,0.080205,0.419325,0.580675,0.033632,0.046573,0.919796,0.034855,0.148413,0.816732,0.183268,0.190186,0.809814,14.698449,29.765283,3.367351,0.0,4.131269,10.037648,0.9139550000000001,2.818743,10.965752,0.791108,5.182188,23.791988,0.0,0.211183,3.156168,0.0,0.0,0.0,0.118355,0.522009,3.4909049999999997,0.337584,0.467479,9.232585
institute_for_china_america_studies,Institute for China-America Studies,33,33,29,0.878788,28.999999,security_strategy,0.578591,economy_trade,0.263431,0.31516,False,False,False,2016.0,2025.0,0.578591,0.12777,0.030727,0.969273,0.003926,0.123844,0.87223,0.263431,0.118551,0.047541,0.952459,0.005636,0.112915,0.881449,0.081448,0.007138,0.162791,0.837209,0.001162,0.005976,0.992862,0.026065,0.272437,0.150593,0.849407,0.041027,0.23141,0.727563,0.013925,0.298195,0.110988,0.889012,0.033096,0.265099,0.701804,0.03654,0.045726,0.003105,0.996895,0.000142,0.045584,0.954274,0.005387,0.113276,0.881338,0.118663,0.045397,0.954603,16.779142,7.639493,2.361995,0.7558739999999999,0.403822,1.059673,0.065883,2.077995,14.635263,0.043056,0.862613,6.733823,0.002744,0.014115,2.345136,0.031011,0.174917,0.549946,0.013365,0.107053,0.283404,0.000151,0.048304,1.011218
institute_of_asian_research_china_programs,Institute of Asian Research (China programs),158,158,131,0.829114,130.999996,governance_law,0.388759,society_culture,0.242833,0.145926,False,False,False,2000.0,2024.0,0.160029,0.054574,0.029098,0.970902,0.001588,0.052986,0.945426,0.172465,0.05727,0.02359,0.97641,0.001351,0.055919,0.94273,0.028646,0.076173,0.105497,0.894503,0.008036,0.068137,0.923827,0.007268,0.193135,0.070541,0.929459,0.013624,0.179511,0.806866,0.388759,0.038714,0.02224,0.97776,0.000861,0.037853,0.961286,0.242833,0.04909,0.183174,0.816826,0.008992,0.040098,0.95091,0.003334,0.045833,0.950833,0.049167,0.06781,0.93219,20.96384,22.592887,3.752591,0.9521409999999999,50.927406,31.811131,0.033285999999999996,1.110796,19.819758,0.030517,1.2633809999999999,21.29899,0.030157,0.255689,3.466745,0.012972000000000001,0.17092000000000002,0.76825,0.043835,1.927778,48.955792,0.28604,1.275567,30.249524
institute_of_chinese_studies,Institute of Chinese Studies,40,40,29,0.725,29.000002,security_strategy,0.543893,economy_trade,0.183866,0.360027,False,False,False,2000.0,2025.0,0.543893,0.169355,0.114812,0.885188,0.019444,0.149911,0.830645,0.183866,0.243238,0.251716,0.748284,0.061227,0.182011,0.756763,0.03543,0.365569,0.0,1.0,0.0,0.365569,0.634431,0.02445,0.257596,0.0,1.0,0.0,0.257596,0.742404,0.048403,0.360463,0.0,1.0,0.0,0.360463,0.639537,0.163958,0.12418,0.067024,0.932976,0.008323,0.115857,0.875821,0.023197,0.170695,0.806108,0.193892,0.119639,0.880361,15.77291,5.332121,1.027473,0.709041,1.403675,4.754782,0.306681,2.364534,13.101695,0.326468,0.970503,4.03515,0.0,0.37561199999999995,0.6518609999999999,0.0,0.182646,0.526395,0.0,0.505973,0.897702,0.039572,0.550874,4.1643360000000005
institute_of_international_relations_china_studies_stream,Institute of International Relations - China studies stream,24,24,19,0.791667,19.000001,governance_law,0.403254,economy_trade,0.2462,0.157054,False,False,False,2000.0,2021.0,0.20986,0.0,0.0,0.0,0.0,0.0,1.0,0.2462,0.0,0.0,0.0,0.0,0.0,1.0,0.086603,0.0,0.0,0.0,0.0,0.0,1.0,0.009868,0.0,0.0,0.0,0.0,0.0,1.0,0.403254,0.0,0.0,0.0,0.0,0.0,1.0,0.044214,0.0,0.0,0.0,0.0,0.0,1.0,0.0,0.0,1.0,0.0,0.0,0.0,3.987344,4.677808,1.645455,0.1875,7.661827,0.840067,0.0,0.0,3.987344,0.0,0.0,4.677808,0.0,0.0,1.645455,0.0,0.0,0.1875,0.0,0.0,7.661827,0.0,0.0,0.840067
john_l_thornton_china_center,John L. Thornton China Center,143,143,114,0.797203,114.0,economy_trade,0.366224,security_strategy,0.321471,0.044753,False,True,False,2006.0,2025.0,0.321471,0.202229,0.510436,0.489564,0.103225,0.099004,0.797772,0.366224,0.207918,0.1542,0.8458,0.032061,0.175857,0.792082,0.040222,0.011268,0.287451,0.712549,0.003239,0.008029,0.988732,0.010547,0.0,0.0,0.0,0.0,0.0,1.0,0.123264,0.153212,0.192217,0.807783,0.02945,0.123762,0.846788,0.138272,0.078914,0.27402,0.72598,0.021624,0.05729,0.921086,0.051676,0.11973,0.828594,0.171406,0.301483,0.698517,36.647659,41.749519,4.585287,1.202381,14.052146,15.763008,3.7829439999999996,3.628252,29.236462,1.338547,7.341947,33.069026,0.014852,0.036816,4.533619,0.0,0.0,1.202381,0.413839,1.739118,11.899189,0.340861,0.9030659999999999,14.519082000000001
kissinger_institute_on_china_and_the_united_states,Kissinger Institute on China and the United States,16,16,12,0.75,12.000001000000001,economy_trade,0.611283,security_strategy,0.270043,0.34124,False,False,True,2012.0,2022.0,0.270043,0.331017,0.305927,0.694073,0.101267,0.22975,0.668983,0.611283,0.233958,0.134977,0.865023,0.031579,0.202379,0.766042,0.064252,0.279407,0.896048,0.103952,0.250362,0.029045,0.720593,0.0,0.0,0.0,0.0,0.0,0.0,0.0,0.017504,0.431422,0.0,1.0,0.0,0.431422,0.568578,0.036919,0.487544,0.357484,0.642516,0.174289,0.313255,0.512456,0.069171,0.206736,0.724093,0.275907,0.250704,0.749296,3.240519,7.335394,0.77102,0.0,0.210045,0.44302299999999994,0.328159,0.744509,2.1678509999999998,0.231641,1.484531,5.619222,0.193034,0.022394,0.555592,0.0,0.0,0.0,0.0,0.090618,0.119427,0.077214,0.138779,0.22702999999999998
lau_china_institute,Lau China Institute,118,118,97,0.822034,96.999998,security_strategy,0.33545,governance_law,0.308189,0.027261,False,True,False,2008.0,2026.0,0.33545,0.070056,0.402307,0.597693,0.028184,0.041872,0.929944,0.137854,0.113275,0.017638,0.982362,0.001998,0.111277,0.886725,0.072048,0.087286,0.529283,0.470717,0.046199,0.041087,0.912714,0.015904,0.347685,0.161249,0.838751,0.056064,0.291621,0.652315,0.308189,0.036336,0.552427,0.447573,0.020073,0.016263,0.963664,0.130555,0.050413,0.390614,0.609386,0.019692,0.030721,0.949587,0.022707,0.046007,0.931286,0.068714,0.330457,0.669543,32.538689,13.371793,6.9886729999999995,1.542648,29.894363,12.663832,0.917067,1.362461,30.259161,0.026723,1.487972,11.857098,0.322872,0.287141,6.37866,0.086487,0.449869,1.006292,0.600082,0.48617099999999996,28.80811,0.249373,0.389049,12.025409
leiden_asia_centre,Leiden Asia Centre,104,104,84,0.807692,84.0,security_strategy,0.287499,governance_law,0.220008,0.067491,False,False,False,2016.0,2026.0,0.287499,0.08199,0.407745,0.592255,0.033431,0.048559,0.91801,0.145065,0.155755,0.034201,0.965799,0.005327,0.150428,0.844245,0.127904,0.05352,0.073879,0.926121,0.003954,0.049566,0.94648,0.020008,0.007565,0.23503,0.76497,0.001778,0.005787,0.992435,0.220008,0.13383,0.200859,0.799141,0.026881,0.106949,0.866171,0.199515,0.062452,0.092743,0.907257,0.005792,0.05666,0.937548,0.017995,0.077072,0.904933,0.095067,0.189288,0.810712,24.149947,12.185478,10.743913000000001,1.680693,18.480668,16.759301,0.8073549999999999,1.172695,22.169898,0.064907,1.8330419999999998,10.287528,0.042484999999999995,0.53253,10.168897,0.0029879999999999998,0.009726,1.667978,0.49677099999999996,1.9764840000000001,16.007412,0.09706300000000001,0.949589,15.712649
manchester_china_institute,Manchester China Institute,97,97,66,0.680412,66.0,society_culture,0.369091,security_strategy,0.209003,0.160088,False,False,False,2018.0,2026.0,0.209003,0.137732,0.781736,0.218264,0.10767,0.030062,0.862268,0.191707,0.085114,0.645311,0.354689,0.054925,0.030189,0.914886,0.090266,0.130439,0.102768,0.897232,0.013405,0.117034,0.86956,0.031439,0.0,0.0,0.0,0.0,0.0,1.0,0.108494,0.086911,0.832415,0.167585,0.072346,0.014565,0.913089,0.369091,0.048309,0.685152,0.314848,0.033099,0.01521,0.95169,0.054309,0.029829,0.915862,0.084138,0.645475,0.354525,13.794223,12.652669,5.957545,2.074953,7.160626,24.359984,1.485226,0.414684,11.894313,0.694951,0.381974,11.575745,0.079862,0.697238,5.180445,0.0,0.0,2.074953,0.51804,0.104297,6.538289,0.8062940000000001,0.370525,23.183165
mercator_institute_for_china_studies_merics,Mercator Institute for China Studies (MERICS),46,46,37,0.804348,37.000002,economy_trade,0.322904,governance_law,0.204778,0.118126,False,False,False,2013.0,2025.0,0.173394,0.166844,0.336991,0.663009,0.056225,0.110619,0.833156,0.322904,0.055782,0.065182,0.934818,0.003636,0.052146,0.944218,0.114477,0.116678,0.728801,0.271199,0.085035,0.031643,0.883322,0.157513,0.158332,0.02676,0.97324,0.004237,0.154095,0.841668,0.204778,0.015661,0.193666,0.806334,0.003033,0.012628,0.984339,0.026934,0.023429,0.225532,0.774468,0.005284,0.018145,0.976572,0.022088,0.066988,0.910924,0.089076,0.247968,0.752032,6.415589,11.947436,4.235635,5.827984,7.576788,0.99657,0.360716,0.709689,5.345184,0.043439,0.623012,11.280984,0.36017699999999997,0.134027,3.74143,0.024696,0.8980630000000001,4.905225,0.022979,0.095681,7.458127999999999,0.005266,0.018083,0.973222
needham_research_institute,Needham Research Institute,98,98,69,0.704082,69.0,society_culture,0.76382,science_technology,0.080656,0.683164,False,False,False,2000.0,2025.0,0.026275,0.079472,0.483667,0.516333,0.038438,0.041034,0.920527,0.055601,0.060064,0.0,1.0,0.0,0.060064,0.939936,0.080656,0.014272,0.0,1.0,0.0,0.014272,0.985728,0.000167,0.119454,0.0,1.0,0.0,0.119454,0.880546,0.073481,9e-05,0.0,1.0,0.0,9e-05,0.99991,0.76382,0.027663,0.286773,0.713227,0.007933,0.01973,0.972337,0.00707,0.020665,0.972265,0.027735,0.254913,0.745087,1.812941,3.836496,5.565284,0.011494,5.0702110000000005,52.703574,0.069686,0.074393,1.6688619999999998,0.0,0.230435,3.606061,0.0,0.079426,5.485858,0.0,0.001373,0.010121,0.0,0.000457,5.069754,0.418119,1.039821,51.245634
new_zealand_contemporary_china_research_centre,New Zealand Contemporary China Research Centre,147,147,120,0.816327,119.999999,security_strategy,0.335801,society_culture,0.333834,0.001967,False,True,False,2009.0,2025.0,0.335801,0.208143,0.440409,0.559591,0.091668,0.116475,0.791857,0.170274,0.174763,0.289787,0.710213,0.050644,0.124119,0.825237,0.06354,0.239581,0.249406,0.750594,0.059753,0.179828,0.760419,0.070606,0.018216,0.400143,0.599857,0.007289,0.010927,0.981784,0.025945,0.125878,0.240956,0.759044,0.030331,0.095547,0.874121,0.333834,0.035466,0.470535,0.529465,0.016688,0.018778,0.964534,0.050075,0.081192,0.868733,0.131267,0.381474,0.618526,40.296093,20.432923,7.6247810000000005,8.472675,3.113422,40.060105,3.693846,4.693487999999999,31.908761000000002,1.03481,2.536105,16.862007,0.455604,1.371152,5.798026,0.061755000000000004,0.092582,8.318338,0.094433,0.297479,2.721509,0.668517,0.752249,38.639339
nordic_institute_of_asian_studies,Nordic Institute of Asian Studies,225,225,170,0.755556,169.999999,governance_law,0.401647,security_strategy,0.231022,0.170625,False,False,False,2000.0,2025.0,0.231022,0.152861,0.444999,0.555001,0.068023,0.084838,0.847139,0.164171,0.051748,0.028716,0.971284,0.001486,0.050262,0.948252,0.048055,0.083758,0.587371,0.412629,0.049197,0.034561,0.916242,0.04231,0.121327,0.0,1.0,0.0,0.121327,0.878673,0.401647,0.035541,0.097915,0.902085,0.00348,0.032061,0.964459,0.112795,0.076056,0.133822,0.866178,0.010178,0.065878,0.923944,0.020869,0.054953,0.924178,0.075822,0.275237,0.724763,39.273754000000004,27.909071,8.16931,7.192737,68.27999200000001,19.175135,2.671525,3.33189,33.270339,0.041477,1.402763,26.464831,0.401904,0.282337,7.485069,0.0,0.8726750000000001,6.320062,0.237599,2.189131,65.853262,0.195159,1.263229,17.716747
paul_tsai_china_center,Paul Tsai China Center,135,135,109,0.807407,108.999998,society_culture,0.320432,security_strategy,0.282926,0.037506,False,True,False,2000.0,2025.0,0.282926,0.088174,0.290607,0.709393,0.025624,0.06255,0.911826,0.086756,0.165946,0.391694,0.608306,0.065,0.100946,0.834053,0.076999,0.026414,0.54278,0.45722,0.014337,0.012077,0.973586,0.002857,0.076203,0.0,1.0,0.0,0.076203,0.923797,0.230029,0.029606,0.555259,0.444741,0.016439,0.013167,0.970394,0.320432,0.03561,0.792362,0.207638,0.028216,0.007394,0.96439,0.026816,0.033001,0.940184,0.059817,0.448301,0.551699,30.838968,9.456453,8.392906,0.311365,25.073195,34.927111000000004,0.79021,1.928981,28.119778,0.614671,0.954595,7.887187,0.120332,0.10136,8.171215,0.0,0.023726999999999998,0.287638,0.412178,0.330136,24.330881,0.98551,0.258259,33.683341
penn_project_on_the_future_of_u_s_china_relations,Penn Project on the Future of U.S.-China Relations,339,339,260,0.766962,259.999998,security_strategy,0.394439,economy_trade,0.177881,0.216558,False,False,False,2012.0,2026.0,0.394439,0.14979,0.651612,0.348388,0.097605,0.052185,0.85021,0.177881,0.068863,0.209706,0.790294,0.014441,0.054422,0.931137,0.079732,0.073737,0.058058,0.941942,0.004281,0.069456,0.926264,0.081686,0.098638,0.0,1.0,0.0,0.098638,0.901362,0.136381,0.063774,0.745743,0.254257,0.047559,0.016215,0.936226,0.129881,0.037973,0.542306,0.457694,0.020593,0.01738,0.962027,0.05057,0.048329,0.901102,0.098899,0.51133,0.48867,102.554015,46.249189,20.730277,21.238468,35.458952000000004,33.769097,10.009741,5.351781,87.192494,0.6678660000000001,2.516987,43.064336,0.08873700000000001,1.43984,19.201699,0.0,2.094924,19.143544,1.6863839999999999,0.574983,33.197585,0.695408,0.5869120000000001,32.486777
penn_wharton_china_center,Penn Wharton China Center,49,49,43,0.877551,43.000001,security_strategy,0.355112,governance_law,0.320749,0.034363,False,True,False,2015.0,2025.0,0.355112,0.044142,0.637579,0.362421,0.028144,0.015998,0.955858,0.071675,0.237352,0.045131,0.954869,0.010712,0.22664,0.762648,0.103968,0.038248,0.027034,0.972966,0.001034,0.037214,0.961753,0.0,0.0,0.0,0.0,0.0,0.0,0.0,0.320749,0.091437,0.251736,0.748264,0.023018,0.068419,0.908562,0.148496,0.03588,0.0,1.0,0.0,0.03588,0.96412,0.018253,0.053068,0.928679,0.071321,0.255927,0.744073,15.269821,3.082029,4.470623,0.0,13.792218,6.3853100000000005,0.429761,0.244284,14.595776,0.033016,0.69851,2.3505030000000002,0.004622,0.16636800000000002,4.299633,0.0,0.0,0.0,0.31747600000000004,0.943655,12.531087,0.0,0.229106,6.156204
princeton_china_center,Princeton China Center,41,41,34,0.829268,34.0,security_strategy,0.516755,society_culture,0.219106,0.297649,False,False,False,2017.0,2025.0,0.516755,0.303411,0.506758,0.493242,0.153756,0.149655,0.696588,0.096141,0.429085,0.629982,0.370018,0.270316,0.158769,0.570915,0.037275,0.172785,1.0,0.0,0.172785,0.0,0.827215,0.0,0.0,0.0,0.0,0.0,0.0,0.0,0.130723,0.13913,0.528534,0.471466,0.073535,0.065595,0.86087,0.219106,0.049223,0.37515,0.62485,0.018466,0.030757,0.950778,0.125542,0.107913,0.766545,0.233455,0.537757,0.462243,17.569655,3.26878,1.267361,0.0,4.444592,7.449612,2.7014460000000002,2.629391,12.238818,0.883603,0.51898,1.866197,0.21898099999999998,0.0,1.04838,0.0,0.0,0.0,0.326832,0.291544,3.826216,0.137561,0.229126,7.082925
rsu_china_studies_centre,RSU China Studies Centre,3,3,3,1.0,2.999999,security_strategy,0.399068,economy_trade,0.31112,0.087948,False,False,True,,,0.399068,0.330828,0.222466,0.777534,0.073598,0.25723,0.669173,0.31112,0.314245,0.25855,0.74145,0.081248,0.232997,0.685755,0.141848,0.257469,0.085692,0.914308,0.022063,0.235406,0.74253,0.029684,0.373482,0.065154,0.934846,0.024334,0.349148,0.626517,0.111691,0.322454,0.033422,0.966578,0.010777,0.311677,0.677543,0.006588,0.319739,0.57145,0.42855,0.182715,0.137024,0.68021,0.060908,0.254613,0.684479,0.315521,0.193039,0.806961,1.197205,0.933361,0.425545,0.08905099999999999,0.335074,0.019763,0.088112,0.30795700000000004,0.801137,0.075834,0.21747,0.640057,0.009389,0.100176,0.31598,0.002167,0.031092,0.055791999999999994,0.003611,0.104435,0.227027,0.003611,0.002708,0.013443
red_alc_china,Red ALC-China,1,1,1,1.0,1.0,economy_trade,1.0,security_strategy,0.0,1.0,False,False,True,2022.0,2022.0,0.0,0.0,0.0,0.0,0.0,0.0,0.0,1.0,0.0,0.0,0.0,0.0,0.0,1.0,0.0,0.0,0.0,0.0,0.0,0.0,0.0,0.0,0.0,0.0,0.0,0.0,0.0,0.0,0.0,0.0,0.0,0.0,0.0,0.0,0.0,0.0,0.0,0.0,0.0,0.0,0.0,0.0,0.0,0.0,1.0,0.0,0.0,0.0,0.0,1.0,0.0,0.0,0.0,0.0,0.0,0.0,0.0,0.0,0.0,1.0,0.0,0.0,0.0,0.0,0.0,0.0,0.0,0.0,0.0,0.0,0.0,0.0
research_centre_for_china_s_heritage_studies,Research Centre for China's Heritage Studies,15,15,10,0.666667,10.000001,society_culture,0.848892,governance_law,0.119129,0.729763,False,False,True,2012.0,2024.0,0.0,0.0,0.0,0.0,0.0,0.0,0.0,0.024835,0.0,0.0,0.0,0.0,0.0,1.0,0.007143,0.0,0.0,0.0,0.0,0.0,1.0,0.0,0.0,0.0,0.0,0.0,0.0,0.0,0.119129,0.0,0.0,0.0,0.0,0.0,1.0,0.848892,0.0,0.0,0.0,0.0,0.0,1.0,0.0,0.0,1.0,0.0,0.0,0.0,0.0,0.24835200000000002,0.071429,0.0,1.191295,8.488925,0.0,0.0,0.0,0.0,0.0,0.24835200000000002,0.0,0.0,0.071429,0.0,0.0,0.0,0.0,0.0,1.191295,0.0,0.0,8.488925
soas_china_institute,SOAS China Institute,192,192,161,0.838542,161.0,society_culture,0.316265,economy_trade,0.252785,0.06348,False,False,False,2000.0,2025.0,0.160552,0.028964,0.635858,0.364142,0.018417,0.010547,0.971037,0.252785,0.039362,0.437046,0.562954,0.017203,0.022159,0.960638,0.033534,0.007331,0.0,1.0,0.0,0.007331,0.992669,0.004478,0.019303,0.0,1.0,0.0,0.019303,0.980697,0.232386,0.051026,0.52242,0.47758,0.026657,0.024369,0.948974,0.316265,0.031043,0.602229,0.397771,0.018695,0.012348,0.968957,0.019413,0.017195,0.963392,0.036608,0.530294,0.469706,25.848874,40.698405,5.39895,0.720878,37.414202,50.918691,0.476047,0.272623,25.100204,0.7001200000000001,0.9018379999999999,39.096447,0.0,0.03958,5.35937,0.0,0.013915,0.706963,0.997369,0.911729,35.505104,0.9519219999999999,0.628759,49.33801
sigur_center_for_asian_studies,Sigur Center for Asian Studies,175,175,148,0.845714,148.000004,security_strategy,0.635433,economy_trade,0.129956,0.505477,False,False,False,2000.0,2025.0,0.635433,0.186418,0.224479,0.775521,0.041847,0.144571,0.813582,0.129956,0.247812,0.163212,0.836788,0.040446,0.207366,0.752189,0.034769,0.224853,0.126994,0.873006,0.028555,0.196298,0.775146,0.014163,0.245038,0.216485,0.783515,0.053047,0.191991,0.754963,0.11111,0.062296,0.352816,0.647184,0.021979,0.040317,0.937703,0.074569,0.065522,0.212524,0.787476,0.013925,0.051597,0.934477,0.037071,0.136685,0.826243,0.173756,0.213351,0.786649,94.044111,19.233458,5.14583,2.09619,16.444225,11.03619,3.93542,13.596097,76.512593,0.7779079999999999,3.9883640000000002,14.467186,0.146941,1.010118,3.988771,0.111196,0.402449,1.582545,0.36142799999999997,0.662988,15.419807,0.153684,0.569437,10.313069
stanford_center_on_china_s_economy_and_institutions,Stanford Center on China's Economy and Institutions,453,453,379,0.836645,379.000001,society_culture,0.763206,economy_trade,0.116603,0.646603,False,False,False,2002.0,2026.0,0.018067,0.061064,0.101123,0.898877,0.006175,0.054889,0.938936,0.116603,0.028899,0.132427,0.867573,0.003827,0.025072,0.9711,0.076905,0.020618,0.0,1.0,0.0,0.020618,0.979382,0.008177,0.0,0.0,0.0,0.0,0.0,1.0,0.017042,0.134489,0.0,1.0,0.0,0.134489,0.865511,0.763206,0.011528,0.076076,0.923924,0.000877,0.010651,0.988472,0.001227,0.015922,0.982851,0.017149,0.071549,0.928451,6.847334,44.192645,29.146871,3.099116,6.459004,289.255031,0.042283,0.37584100000000004,6.42921,0.169133,1.108019,42.915493,0.0,0.6009509999999999,28.54592,0.0,0.0,3.099116,0.0,0.8686670000000001,5.590337,0.2537,3.080917,285.920414
swedish_national_china_centre,Swedish National China Centre,7,7,7,1.0,6.999999,security_strategy,0.454173,science_technology,0.22371,0.230463,False,False,True,2021.0,2024.0,0.454173,0.215066,0.5067,0.4933,0.108974,0.106092,0.784934,0.151011,0.242393,0.081677,0.918323,0.019798,0.222595,0.757607,0.22371,0.029503,0.681693,0.318307,0.020112,0.009391,0.970498,0.016005,0.046272,1.0,0.0,0.046272,0.0,0.953728,0.108465,0.379081,0.477932,0.522068,0.181175,0.197906,0.620919,0.046636,0.605605,0.401134,0.598866,0.242929,0.362676,0.394396,0.088703,0.122279,0.789018,0.210982,0.420429,0.579571,3.17921,1.0570789999999999,1.565969,0.112033,0.759254,0.326454,0.346452,0.337289,2.495469,0.020928,0.235301,0.8008500000000001,0.031494,0.014706,1.519769,0.005184,0.0,0.106849,0.137558,0.150261,0.471435,0.079305,0.118397,0.128752
the_china_institute,The China Institute,9,9,6,0.666667,5.999999,security_strategy,0.534474,economy_trade,0.339284,0.19519,False,False,True,2010.0,2021.0,0.534474,0.217463,0.559861,0.440139,0.121749,0.095714,0.782537,0.339284,0.018094,0.0,1.0,0.0,0.018094,0.981906,0.0,0.0,0.0,0.0,0.0,0.0,0.0,0.0,0.0,0.0,0.0,0.0,0.0,0.0,0.076923,0.638433,0.0,1.0,0.0,0.638433,0.361567,0.04932,0.211103,1.0,0.0,0.211103,0.0,0.788897,0.075483,0.106406,0.818111,0.181889,0.414995,0.585005,3.206842,2.035702,0.0,0.0,0.461538,0.295917,0.39043,0.306939,2.509473,0.0,0.036833,1.998869,0.0,0.0,0.0,0.0,0.0,0.0,0.0,0.294661,0.166877,0.062469,0.0,0.233448
tsinghua_university_latin_america_center,Tsinghua University Latin America Center,3,3,3,1.0,3.0,economy_trade,0.272917,governance_law,0.259615,0.013302,False,True,True,2021.0,2023.0,0.170833,0.0,0.0,0.0,0.0,0.0,1.0,0.272917,0.0,0.0,0.0,0.0,0.0,1.0,0.054487,0.0,0.0,0.0,0.0,0.0,1.0,0.041667,0.0,0.0,0.0,0.0,0.0,1.0,0.259615,0.0,0.0,0.0,0.0,0.0,1.0,0.200481,0.0,0.0,0.0,0.0,0.0,1.0,0.0,0.0,1.0,0.0,0.0,0.0,0.5125,0.81875,0.163462,0.125,0.778846,0.601442,0.0,0.0,0.5125,0.0,0.0,0.81875,0.0,0.0,0.163462,0.0,0.0,0.125,0.0,0.0,0.778846,0.0,0.0,0.601442
usc_u_s_china_institute,USC U.S.-China Institute,73,73,55,0.753425,54.999995,security_strategy,0.330767,society_culture,0.260991,0.069776,False,False,False,2003.0,2026.0,0.330767,0.104459,0.560038,0.439962,0.058501,0.045958,0.895541,0.185596,0.111813,0.36824,0.63176,0.041174,0.070639,0.888186,0.113094,0.029569,0.322229,0.677771,0.009528,0.020041,0.970431,0.002848,0.333238,0.160027,0.839973,0.053327,0.279911,0.666756,0.106703,0.057723,0.099423,0.900577,0.005739,0.051984,0.942277,0.260991,0.053638,0.068571,0.931429,0.003678,0.04996,0.946361,0.029794,0.049962,0.920245,0.079756,0.373564,0.626436,18.192179,10.207786,6.220181,0.156657,5.868673,14.354519,1.0642559999999999,0.836083,16.291839,0.4203,0.721069,9.066417,0.059266,0.124657,6.036259,0.008354,0.04385,0.104452,0.03368,0.30508,5.529915,0.052802,0.717156,13.584562
university_of_oxford_china_centre,University of Oxford China Centre,255,255,202,0.792157,201.999999,security_strategy,0.252222,society_culture,0.226446,0.025776,False,True,False,2008.0,2026.0,0.252222,0.104122,0.435893,0.564107,0.045386,0.058736,0.895878,0.174254,0.114121,0.010682,0.989318,0.001219,0.112902,0.885879,0.168584,0.166712,0.11064,0.88936,0.018445,0.148267,0.833288,0.026721,0.027764,0.0,1.0,0.0,0.027764,0.972236,0.151774,0.050489,0.613777,0.386223,0.030989,0.0195,0.949512,0.226446,0.037955,0.057937,0.942063,0.002199,0.035756,0.962045,0.019971,0.071282,0.908747,0.091253,0.218853,0.781147,50.948812000000004,35.199369,34.053875,5.397562,30.658332,45.742049,2.312379,2.992535,45.643898,0.042925,3.974074,31.18237,0.628109,5.04908,28.376686,0.0,0.149857,5.247705,0.950067,0.597826,29.110439,0.10059199999999999,1.635567,44.00589
weatherhead_east_asian_institute,Weatherhead East Asian Institute,180,180,120,0.666667,119.999996,society_culture,0.439424,security_strategy,0.21088,0.228544,False,False,False,2000.0,2025.0,0.21088,0.110406,0.647347,0.352653,0.071471,0.038935,0.889594,0.118739,0.094832,0.021459,0.978541,0.002035,0.092797,0.905168,0.039088,0.056579,0.294544,0.705456,0.016665,0.039914,0.943422,0.02065,0.164043,0.0,1.0,0.0,0.164043,0.835957,0.171219,0.133235,0.3057,0.6943,0.04073,0.092505,0.866765,0.439424,0.039405,0.127547,0.872453,0.005026,0.034379,0.960595,0.025147,0.055122,0.919731,0.080269,0.313284,0.686716,25.305642,14.248635,4.690564,2.478037,20.546296,52.730822,1.8086129999999998,0.985274,22.511757,0.028989,1.322235,12.897411,0.078168,0.187217,4.425179,0.0,0.406504,2.071533,0.8368500000000001,1.9006269999999998,17.80882,0.265003,1.812831,50.652988
