institute_id,institute_name,total_docs,total_paragraphs,classified_paragraphs,classified_paragraph_share,classified_weight_sum,dominant_domain,dominant_domain_share,dominant_domain_runner_up,dominant_domain_runner_up_share,dominant_domain_gap,dominant_domain_tie_flag,dominant_domain_borderline_flag,low_volume_flag,year_min,year_max,security_strategy_salience_share,economy_trade_salience_share,science_technology_salience_share,environment_climate_salience_share,governance_law_salience_share,society_culture_salience_share,security_strategy_rival_prop,security_strategy_collaborator_prop,economy_trade_rival_prop,economy_trade_collaborator_prop,science_technology_rival_prop,science_technology_collaborator_prop,environment_climate_rival_prop,environment_climate_collaborator_prop,governance_law_rival_prop,governance_law_collaborator_prop,society_culture_rival_prop,society_culture_collaborator_prop
21st_century_china_center,21st Century China Center,227,227,181,0.797357,181.000002,security_strategy,0.264586,society_culture,0.257146,0.00744,False,True,False,2008.0,2026.0,0.264586,0.191298,0.129848,0.027069,0.130054,0.257146,0.071736,0.010261,0.007727,0.019725,0.002381,0.058048,0.0,0.0,0.005308,0.004076,0.015794,0.00628
asia_institute_china_related_programs,Asia Institute (China-related programs),165,165,129,0.781818,128.999995,society_culture,0.269727,governance_law,0.26231,0.007417,False,True,False,2000.0,2026.0,0.047428,0.215702,0.087985,0.116848,0.26231,0.269727,0.01325,0.040371,0.022261,0.04906,0.0,0.0142,0.011383,0.0,0.004415,0.088674,0.000572,0.038124
asia_pacific_center_china_related_programs,Asia Pacific Center (China-related programs),98,98,47,0.479592,46.999998,society_culture,0.611493,security_strategy,0.129538,0.481955,False,False,False,2000.0,2025.0,0.129538,0.080738,0.110126,0.0,0.068104,0.611493,0.000566,0.027127,0.000907,0.0,0.005987,0.005373,0.0,0.0,0.0,0.075235,0.00575,0.018872
asia_pacific_studies_institute_china_related_work,Asia/Pacific Studies Institute (China-related work),86,86,49,0.569767,49.0,science_technology,0.394116,society_culture,0.227461,0.166655,False,False,False,2002.0,2025.0,0.092638,0.188007,0.394116,0.047619,0.050159,0.227461,0.0,0.307716,0.0,0.081803,0.0,0.147179,0.0,0.0,0.0,0.0,0.0,0.059027
australia_china_relations_institute,Australia-China Relations Institute,376,376,281,0.74734,280.999995,security_strategy,0.279936,environment_climate,0.230015,0.049921,False,True,False,2011.0,2026.0,0.279936,0.19619,0.123784,0.230015,0.028792,0.141282,0.033296,0.079619,0.010707,0.059445,0.017521,0.032106,0.0076,0.035137,0.032165,0.041052,0.010387,0.066752
australian_centre_on_china_in_the_world,Australian Centre on China in the World,54,54,34,0.62963,34.0,society_culture,0.361535,governance_law,0.234489,0.127046,False,False,False,2010.0,2026.0,0.224029,0.059359,0.105882,0.014706,0.234489,0.361535,0.0,0.067044,0.0,0.202032,0.0,0.0,0.0,0.0,0.0,0.025946,0.0,0.101278
cambridge_centre_for_chinese_management,Cambridge Centre for Chinese Management,67,67,53,0.791045,53.0,science_technology,0.414106,economy_trade,0.304679,0.109427,False,False,False,2003.0,2025.0,0.09717,0.304679,0.414106,0.021527,0.041063,0.121455,0.138585,0.012081,0.000633,0.035002,0.009006,0.040479,0.01345,0.151701,0.081968,0.02176,0.09094,0.045926
carnegie_china,Carnegie China,40,40,30,0.75,30.0,economy_trade,0.358471,security_strategy,0.220826,0.137645,False,False,False,2010.0,2025.0,0.220826,0.358471,0.137402,0.062172,0.124178,0.09695,0.016007,0.053997,0.171125,0.045932,0.000391,0.006263,0.000119,0.001903,0.00052,0.008315,0.000291,0.012392
center_for_asian_studies_china_related_work,Center for Asian Studies (China-related work),71,71,65,0.915493,65.000001,security_strategy,0.355086,society_culture,0.333802,0.021284,False,True,False,2003.0,2025.0,0.355086,0.088514,0.045684,0.0,0.176914,0.333802,0.223613,0.053361,0.042343,0.002241,0.056152,0.043422,0.0,0.0,0.065771,0.083842,0.002319,0.003566
center_for_china_analysis,Center for China Analysis,2,2,1,0.5,1.0,science_technology,1.0,security_strategy,0.0,1.0,False,False,True,2023.0,2026.0,0.0,0.0,1.0,0.0,0.0,0.0,0.0,0.0,0.0,0.0,0.0,0.0,0.0,0.0,0.0,0.0,0.0,0.0
center_for_china_studies,Center for China Studies,1,1,1,1.0,1.0,society_culture,1.0,security_strategy,0.0,1.0,False,False,True,2006.0,2006.0,0.0,0.0,0.0,0.0,0.0,1.0,0.0,0.0,0.0,0.0,0.0,0.0,0.0,0.0,0.0,0.0,0.0,0.0
center_for_chinese_studies,Center for Chinese Studies,432,432,314,0.726852,313.999997,society_culture,0.424896,economy_trade,0.191243,0.233653,False,False,False,2000.0,2025.0,0.13981,0.191243,0.080246,0.015969,0.147836,0.424896,0.015522,0.065179,0.02363,0.089863,0.024641,0.118888,0.013284,0.0,0.036326,0.052241,0.027857,0.038229
center_for_chinese_studies_berkeley,Center for Chinese Studies,84,84,71,0.845238,71.000004,society_culture,0.53585,security_strategy,0.220357,0.315493,False,False,False,2000.0,2024.0,0.220357,0.082615,0.117824,0.001373,0.041982,0.53585,0.035534,0.139714,0.016869,0.1025,0.015212,0.035667,0.052217,0.052217,0.046786,0.007374,0.010416,0.025881
center_for_chinese_studies_hawaii_manoa,Center for Chinese Studies,82,82,69,0.841463,69.000004,society_culture,0.553845,security_strategy,0.205005,0.34884,False,False,False,2000.0,2024.0,0.205005,0.069213,0.122978,0.002572,0.046388,0.553845,0.039302,0.154529,0.020719,0.015745,0.014996,0.035163,0.028677,0.028677,0.04357,0.006867,0.010369,0.025766
center_for_chinese_studies_michigan,Center for Chinese Studies,82,82,69,0.841463,69.000004,society_culture,0.553845,security_strategy,0.205005,0.34884,False,False,False,2000.0,2024.0,0.205005,0.069213,0.122978,0.002572,0.046388,0.553845,0.039302,0.154529,0.020719,0.015745,0.014996,0.035163,0.028677,0.028677,0.04357,0.006867,0.010369,0.025766
center_for_east_asian_studies,Center for East Asian Studies,76,76,52,0.684211,52.000001,society_culture,0.752447,economy_trade,0.06749,0.684957,False,False,False,2000.0,2026.0,0.05483,0.06749,0.064087,0.000566,0.06058,0.752447,0.0,0.093083,0.009394,0.123519,0.005935,0.031365,0.0,0.0,0.0,0.187136,0.006572,0.06687
center_for_international_and_regional_studies_china_related_work,Center for International and Regional Studies (China-related work),22,22,15,0.681818,14.999999,society_culture,0.354506,economy_trade,0.32725,0.027256,False,True,False,2000.0,2025.0,0.153183,0.32725,0.038596,0.126465,0.0,0.354506,0.0,0.0,0.0,0.0,0.0,0.0,0.0,0.0,0.0,0.0,0.0,0.0
center_on_u_s_china_relations,Center on U.S.-China Relations,181,181,151,0.834254,150.999999,security_strategy,0.447977,governance_law,0.174078,0.273899,False,False,False,2006.0,2026.0,0.447977,0.122948,0.104433,0.049457,0.174078,0.101106,0.083061,0.097952,0.012372,0.063117,0.056828,0.085796,0.028948,0.059658,0.041265,0.05773,0.005623,0.023828
centre_d_tudes_fran_ais_sur_la_chine_contemporaine_cefc,Centre d'Études Français sur la Chine Contemporaine (CEFC),337,337,258,0.765579,257.999999,society_culture,0.465902,security_strategy,0.216683,0.249219,False,False,False,2000.0,2026.0,0.216683,0.110166,0.065213,0.005419,0.136618,0.465902,0.031889,0.047731,0.003694,0.064819,0.028389,0.040877,0.0,0.0,0.004828,0.0233,0.011875,0.030375
centre_for_china_studies,Centre for China Studies,89,89,77,0.865169,77.000001,security_strategy,0.54572,society_culture,0.19336,0.35236,False,False,False,2007.0,2025.0,0.54572,0.09683,0.061321,0.007701,0.095069,0.19336,0.056938,0.100446,0.002162,0.170332,0.003414,0.053144,0.0,0.461933,0.003435,0.039245,0.028902,0.067231
china_africa_research_initiative,China Africa Research Initiative,68,68,58,0.852941,58.000001,economy_trade,0.654821,society_culture,0.125982,0.528839,False,False,False,2014.0,2025.0,0.10933,0.654821,0.064171,0.007102,0.038594,0.125982,0.000791,0.132583,0.002921,0.179822,0.010247,0.174245,0.013222,0.353686,0.00575,0.155564,0.001863,0.056605
china_institute,China Institute,117,117,74,0.632479,73.999997,security_strategy,0.215539,society_culture,0.182101,0.033438,False,True,False,2001.0,2026.0,0.215539,0.163909,0.133894,0.171244,0.133313,0.182101,0.0,0.11963,0.009249,0.063516,0.0,0.078176,0.0,0.002558,0.011372,0.085109,0.0,0.074628
china_institute_birmingham,China Institute,146,146,105,0.719178,104.999998,security_strategy,0.412449,society_culture,0.200047,0.212402,False,False,False,2001.0,2025.0,0.412449,0.115017,0.140937,0.057174,0.074376,0.200047,0.013371,0.103982,0.01019,0.120447,0.0,0.101359,0.0,0.074708,0.0,0.033695,0.000241,0.064023
china_institute_chulalongkorn,China Institute,146,146,105,0.719178,104.999998,security_strategy,0.413084,society_culture,0.199412,0.213672,False,False,False,2001.0,2025.0,0.413084,0.115017,0.140937,0.057174,0.074376,0.199412,0.013351,0.103823,0.01019,0.120447,0.0,0.101359,0.0,0.074708,0.0,0.033695,0.000242,0.064227
china_institute_csun,China Institute,146,146,105,0.719178,104.999998,security_strategy,0.412449,society_culture,0.200047,0.212402,False,False,False,2001.0,2025.0,0.412449,0.115017,0.140937,0.057174,0.074376,0.200047,0.013371,0.103982,0.01019,0.120447,0.0,0.101359,0.0,0.074708,0.0,0.033695,0.000241,0.064023
china_institute_malaya,China Institute,146,146,105,0.719178,104.999998,security_strategy,0.413084,society_culture,0.199412,0.213672,False,False,False,2001.0,2025.0,0.413084,0.115017,0.140937,0.057174,0.074376,0.199412,0.013351,0.103823,0.01019,0.120447,0.0,0.101377,0.0,0.074708,0.0,0.033695,0.000242,0.064227
china_institute_waterloo,China Institute,146,146,105,0.719178,104.999998,security_strategy,0.413084,society_culture,0.199412,0.213672,False,False,False,2001.0,2025.0,0.413084,0.115017,0.140937,0.057174,0.074376,0.199412,0.013351,0.103823,0.01019,0.120447,0.0,0.101359,0.0,0.074708,0.0,0.033695,0.000242,0.064227
china_matters,China Matters,55,55,42,0.763636,41.999998,security_strategy,0.349201,economy_trade,0.243135,0.106066,False,False,False,2000.0,2024.0,0.349201,0.243135,0.071348,0.042692,0.09752,0.196104,0.005938,0.006469,0.001003,0.00865,0.003989,0.138125,0.006667,0.0,0.001668,0.000799,0.001451,0.001589
china_policy_institute_cpi_analysis,China Policy Institute / CPI Analysis,565,565,385,0.681416,385.000001,economy_trade,0.264016,security_strategy,0.213915,0.050101,False,False,False,2005.0,2025.0,0.213915,0.264016,0.111672,0.078039,0.12427,0.208088,0.064039,0.068978,0.00541,0.035157,0.003619,0.036663,0.0,0.011136,0.003828,0.019214,0.008278,0.037873
china_research_center,China Research Center,2,2,2,1.0,2.0,science_technology,0.5,society_culture,0.5,0.0,True,True,True,2015.0,2019.0,0.0,0.0,0.5,0.0,0.0,0.5,0.0,0.0,0.0,0.0,0.0,0.0,0.0,0.0,0.0,0.0,0.0,0.0
china_research_centre,China Research Centre,2,2,0,0.0,0.0,security_strategy,0.0,economy_trade,0.0,0.0,True,True,True,2012.0,2014.0,0.0,0.0,0.0,0.0,0.0,0.0,0.0,0.0,0.0,0.0,0.0,0.0,0.0,0.0,0.0,0.0,0.0,0.0
china_studies_centre,China Studies Centre,195,195,149,0.764103,149.000001,security_strategy,0.49036,economy_trade,0.201072,0.289288,False,False,False,2010.0,2026.0,0.49036,0.201072,0.053562,0.017404,0.052509,0.185091,0.029534,0.083168,0.0046,0.06182,0.004159,0.074255,0.033317,0.044479,0.043471,0.032913,0.005473,0.051724
china_studies_program,China Studies Institute,168,168,115,0.684524,115.000001,society_culture,0.404606,security_strategy,0.200214,0.204392,False,False,False,2000.0,2026.0,0.200214,0.152523,0.10334,0.054537,0.084779,0.404606,0.0,0.011084,0.0,0.006118,0.0,0.018809,0.0,0.0,0.0,0.003612,0.0,0.046543
china_studies_institute_yonsei,China Studies Institute,4,4,2,0.5,2.0,society_culture,0.629032,security_strategy,0.354839,0.274193,False,False,True,2011.0,2023.0,0.354839,0.0,0.0,0.0,0.016129,0.629032,0.0,0.600329,0.0,0.0,0.0,0.0,0.0,0.0,0.0,0.600316,0.0,0.123145
china_studies_institute_aascu,China Studies Institute,3,3,1,0.333333,1.0,society_culture,1.0,security_strategy,0.0,1.0,False,False,True,2011.0,2018.0,0.0,0.0,0.0,0.0,0.0,1.0,0.0,0.0,0.0,0.0,0.0,0.0,0.0,0.0,0.0,0.0,0.0,0.0
china_studies_institute,China Studies Institute,24,24,20,0.833333,19.999999,security_strategy,0.66648,society_culture,0.16093,0.50555,False,False,False,2011.0,2025.0,0.66648,0.0,0.075567,0.0,0.097023,0.16093,0.023137,0.066667,0.0,0.0,0.0,0.0,0.0,0.0,0.0,0.00998,0.0,0.048134
china_studies_program_chulalongkorn,China Studies Program,7,7,7,1.0,7.0,society_culture,0.379428,security_strategy,0.339587,0.039841,False,True,True,2007.0,2024.0,0.339587,0.080763,0.196429,0.0,0.003793,0.379428,0.121667,0.144658,0.039351,0.039351,0.0,0.408303,0.0,0.0,0.0,0.0,0.002792,0.306056
china_studies_program_washington,China Studies Program,11,11,11,1.0,11.0,society_culture,0.434928,security_strategy,0.286031,0.148897,False,False,True,2000.0,2024.0,0.286031,0.067205,0.125,0.0,0.086836,0.434928,0.091921,0.109291,0.030094,0.030094,0.0,0.408303,0.0,0.0,0.0,0.0,0.00155,0.16991
china_programme_twai,China programme,15,15,14,0.933333,14.000001,science_technology,0.286806,society_culture,0.242009,0.044797,False,True,True,2003.0,2025.0,0.176843,0.098384,0.286806,0.014234,0.181723,0.242009,0.0,0.03284,0.0,0.286594,0.0,0.145415,0.0,0.0,0.0,0.219078,0.0,0.019079
china_programme_ifri,China programme,15,15,14,0.933333,14.000001,science_technology,0.286806,society_culture,0.242009,0.044797,False,True,True,2003.0,2025.0,0.176843,0.098384,0.286806,0.014234,0.181723,0.242009,0.0,0.03284,0.0,0.286594,0.0,0.145415,0.0,0.0,0.0,0.219078,0.0,0.019079
china_programme,China programme,35,35,28,0.8,27.999996,security_strategy,0.384295,governance_law,0.243796,0.140499,False,False,False,2002.0,2025.0,0.384295,0.127887,0.205582,0.008571,0.243796,0.02987,0.088772,0.104461,0.002321,0.153924,0.077998,0.017875,0.013601,0.060761,0.013146,0.029916,0.002438,0.061788
china_programs,China programs,39,39,32,0.820513,32.000002,economy_trade,0.40055,society_culture,0.21447,0.18608,False,False,False,2004.0,2025.0,0.200383,0.40055,0.154289,0.027183,0.003125,0.21447,0.060591,0.092756,0.042368,0.066228,0.0,0.029303,0.0,0.786343,0.57915,0.0,0.0,0.0
chinese_studies_program,Chinese Studies Program,90,90,74,0.822222,74.0,society_culture,0.517695,governance_law,0.18716,0.330535,False,False,False,2003.0,2025.0,0.106061,0.121736,0.041671,0.025676,0.18716,0.517695,0.229753,0.008885,0.0,0.009409,0.100566,0.072195,0.0,0.0,0.037368,0.044864,0.0,0.038325
contemporary_china_studies_programme_ccsp,Contemporary China Studies Programme (CCSP),112,112,80,0.714286,80.0,society_culture,0.511848,economy_trade,0.153402,0.358446,False,False,False,2003.0,2025.0,0.080785,0.153402,0.100384,0.0125,0.141081,0.511848,0.008288,0.035358,0.054667,0.04167,0.0,0.213994,0.0,0.873871,0.03322,0.002787,0.001744,0.003842
cornell_china_center,Cornell China Center,32,32,24,0.75,24.000003,society_culture,0.305112,security_strategy,0.217821,0.087291,False,False,False,2012.0,2025.0,0.217821,0.190995,0.186687,0.005573,0.093812,0.305112,0.017156,0.037103,0.02014,0.014218,0.010155,0.063291,0.0,0.280403,0.001131,0.050105,0.014694,0.020467
durham_china_centre,Durham China Centre,236,236,139,0.588983,138.999996,economy_trade,0.239384,society_culture,0.216021,0.023363,False,True,False,2015.0,2026.0,0.168774,0.239384,0.210252,0.049182,0.116386,0.216021,0.004905,0.03351,0.013281,0.006862,0.018412,0.058402,0.051291,0.043277,0.024228,0.043864,0.021824,0.017532
east_asian_institute,East Asian Institute,174,174,148,0.850575,148.000004,economy_trade,0.33347,security_strategy,0.230999,0.102471,False,False,False,2000.0,2025.0,0.230999,0.33347,0.121295,0.0,0.108464,0.205772,0.026397,0.133475,0.005025,0.103023,0.0,0.075503,0.0,0.0,0.0,0.047479,0.000819,0.04911
east_asian_studies_center,East Asian Studies Center,170,170,89,0.523529,89.0,society_culture,0.468347,environment_climate,0.139321,0.329026,False,False,False,2001.0,2025.0,0.128742,0.135935,0.093201,0.139321,0.034455,0.468347,0.01192,0.060216,0.005989,0.05036,0.021902,0.013051,0.001124,0.0,0.001136,0.00435,0.013587,0.005563
european_think_tank_network_on_china_etnc,European Think-tank Network on China (ETNC),33,33,25,0.757576,24.999999,security_strategy,0.382609,economy_trade,0.301511,0.081098,False,False,False,2014.0,2025.0,0.382609,0.301511,0.118503,0.0,0.149227,0.04815,0.037377,0.076443,0.069773,0.155038,0.011927,0.051195,0.0,0.0,0.009471,0.081309,0.040643,0.024767
fairbank_center_for_chinese_studies,Fairbank Center for Chinese Studies,133,133,88,0.661654,87.999995,security_strategy,0.551247,society_culture,0.165517,0.38573,False,False,False,2000.0,2025.0,0.551247,0.099079,0.085163,0.010621,0.088373,0.165517,0.037449,0.084403,0.000983,0.097423,0.006334,0.028712,0.0,0.0,0.007644,0.009471,0.015573,0.083628
freeman_chair_in_china_studies,Freeman Chair in China Studies,75,75,51,0.68,51.000003,security_strategy,0.368409,governance_law,0.238369,0.13004,False,False,False,2000.0,2026.0,0.368409,0.182582,0.075905,0.005719,0.238369,0.129016,0.046918,0.174854,0.061379,0.046813,0.057563,0.03578,0.0,0.0,0.030479,0.011277,0.048652,0.035654
georgetown_initiative_for_u_s_china_dialogue_on_global_issues,Georgetown Initiative for U.S.-China Dialogue on Global Issues,33,33,28,0.848485,28.000001,security_strategy,0.372485,governance_law,0.18068,0.191805,False,False,False,2019.0,2026.0,0.372485,0.115105,0.075717,0.102473,0.18068,0.153541,0.069188,0.0,0.11792,0.0,0.0,0.0,0.0,0.0,0.015135,0.0,0.0,0.0
global_china_center,Global China Center,19,19,19,1.0,19.000003,economy_trade,0.392804,environment_climate,0.16118,0.231624,False,False,True,2006.0,2025.0,0.108592,0.392804,0.102944,0.16118,0.105868,0.128613,0.0,0.46136,0.0,0.080667,0.0,0.019112,0.0,0.129387,0.0,0.0,0.0,0.07666
hoover_china_s_global_sharp_power_project,Hoover China's Global Sharp Power Project,44,44,40,0.909091,39.999998,security_strategy,0.538756,science_technology,0.16546,0.373296,False,False,False,2018.0,2026.0,0.538756,0.093919,0.16546,0.00395,0.153106,0.044809,0.166017,0.083655,0.080027,0.130808,0.104438,0.10716,0.069048,0.082674,0.147606,0.045168,0.279241,0.034505
hopkins_nanjing_center,Hopkins-Nanjing Center,69,69,62,0.898551,62.0,economy_trade,0.480085,security_strategy,0.237072,0.243013,False,False,False,2004.0,2026.0,0.237072,0.480085,0.054312,0.0,0.066633,0.161898,0.06218,0.191771,0.026578,0.174102,0.0,0.062715,0.0,0.0,0.028649,0.126356,0.033632,0.046573
institute_for_china_america_studies,Institute for China-America Studies,33,33,29,0.878788,28.999999,security_strategy,0.578591,economy_trade,0.263431,0.31516,False,False,False,2016.0,2025.0,0.578591,0.263431,0.081448,0.026065,0.013925,0.03654,0.003926,0.123844,0.005636,0.112915,0.001162,0.005976,0.041027,0.23141,0.033096,0.265099,0.000142,0.045584
institute_of_asian_research_china_programs,Institute of Asian Research (China programs),158,158,131,0.829114,130.999996,governance_law,0.388759,society_culture,0.242833,0.145926,False,False,False,2000.0,2024.0,0.160029,0.172465,0.028646,0.007268,0.388759,0.242833,0.001588,0.052986,0.001351,0.055919,0.008036,0.068137,0.013624,0.179511,0.000861,0.037853,0.008992,0.040098
institute_of_chinese_studies,Institute of Chinese Studies,40,40,29,0.725,29.000002,security_strategy,0.543893,economy_trade,0.183866,0.360027,False,False,False,2000.0,2025.0,0.543893,0.183866,0.03543,0.02445,0.048403,0.163958,0.019444,0.149911,0.061227,0.182011,0.0,0.365569,0.0,0.257596,0.0,0.360463,0.008323,0.115857
institute_of_international_relations_china_studies_stream,Institute of International Relations - China studies stream,24,24,19,0.791667,19.000001,governance_law,0.403254,economy_trade,0.2462,0.157054,False,False,False,2000.0,2021.0,0.20986,0.2462,0.086603,0.009868,0.403254,0.044214,0.0,0.0,0.0,0.0,0.0,0.0,0.0,0.0,0.0,0.0,0.0,0.0
john_l_thornton_china_center,John L. Thornton China Center,143,143,114,0.797203,114.0,economy_trade,0.366224,security_strategy,0.321471,0.044753,False,True,False,2006.0,2025.0,0.321471,0.366224,0.040222,0.010547,0.123264,0.138272,0.103225,0.099004,0.032061,0.175857,0.003239,0.008029,0.0,0.0,0.02945,0.123762,0.021624,0.05729
kissinger_institute_on_china_and_the_united_states,Kissinger Institute on China and the United States,16,16,12,0.75,12.000001000000001,economy_trade,0.611283,security_strategy,0.270043,0.34124,False,False,True,2012.0,2022.0,0.270043,0.611283,0.064252,0.0,0.017504,0.036919,0.101267,0.22975,0.031579,0.202379,0.250362,0.029045,0.0,0.0,0.0,0.431422,0.174289,0.313255
lau_china_institute,Lau China Institute,118,118,97,0.822034,96.999998,security_strategy,0.33545,governance_law,0.308189,0.027261,False,True,False,2008.0,2026.0,0.33545,0.137854,0.072048,0.015904,0.308189,0.130555,0.028184,0.041872,0.001998,0.111277,0.046199,0.041087,0.056064,0.291621,0.020073,0.016263,0.019692,0.030721
leiden_asia_centre,Leiden Asia Centre,104,104,84,0.807692,84.0,security_strategy,0.287499,governance_law,0.220008,0.067491,False,False,False,2016.0,2026.0,0.287499,0.145065,0.127904,0.020008,0.220008,0.199515,0.033431,0.048559,0.005327,0.150428,0.003954,0.049566,0.001778,0.005787,0.026881,0.106949,0.005792,0.05666
manchester_china_institute,Manchester China Institute,97,97,66,0.680412,66.0,society_culture,0.369091,security_strategy,0.209003,0.160088,False,False,False,2018.0,2026.0,0.209003,0.191707,0.090266,0.031439,0.108494,0.369091,0.10767,0.030062,0.054925,0.030189,0.013405,0.117034,0.0,0.0,0.072346,0.014565,0.033099,0.01521
mercator_institute_for_china_studies_merics,Mercator Institute for China Studies (MERICS),46,46,37,0.804348,37.000002,economy_trade,0.322904,governance_law,0.204778,0.118126,False,False,False,2013.0,2025.0,0.173394,0.322904,0.114477,0.157513,0.204778,0.026934,0.056225,0.110619,0.003636,0.052146,0.085035,0.031643,0.004237,0.154095,0.003033,0.012628,0.005284,0.018145
needham_research_institute,Needham Research Institute,98,98,69,0.704082,69.0,society_culture,0.76382,science_technology,0.080656,0.683164,False,False,False,2000.0,2025.0,0.026275,0.055601,0.080656,0.000167,0.073481,0.76382,0.038438,0.041034,0.0,0.060064,0.0,0.014272,0.0,0.119454,0.0,9e-05,0.007933,0.01973
new_zealand_contemporary_china_research_centre,New Zealand Contemporary China Research Centre,147,147,120,0.816327,119.999999,security_strategy,0.335801,society_culture,0.333834,0.001967,False,True,False,2009.0,2025.0,0.335801,0.170274,0.06354,0.070606,0.025945,0.333834,0.091668,0.116475,0.050644,0.124119,0.059753,0.179828,0.007289,0.010927,0.030331,0.095547,0.016688,0.018778
nordic_institute_of_asian_studies,Nordic Institute of Asian Studies,225,225,170,0.755556,169.999999,governance_law,0.401647,security_strategy,0.231022,0.170625,False,False,False,2000.0,2025.0,0.231022,0.164171,0.048055,0.04231,0.401647,0.112795,0.068023,0.084838,0.001486,0.050262,0.049197,0.034561,0.0,0.121327,0.00348,0.032061,0.010178,0.065878
paul_tsai_china_center,Paul Tsai China Center,135,135,109,0.807407,108.999998,society_culture,0.320432,security_strategy,0.282926,0.037506,False,True,False,2000.0,2025.0,0.282926,0.086756,0.076999,0.002857,0.230029,0.320432,0.025624,0.06255,0.065,0.100946,0.014337,0.012077,0.0,0.076203,0.016439,0.013167,0.028216,0.007394
penn_project_on_the_future_of_u_s_china_relations,Penn Project on the Future of U.S.-China Relations,339,339,260,0.766962,259.999998,security_strategy,0.394439,economy_trade,0.177881,0.216558,False,False,False,2012.0,2026.0,0.394439,0.177881,0.079732,0.081686,0.136381,0.129881,0.097605,0.052185,0.014441,0.054422,0.004281,0.069456,0.0,0.098638,0.047559,0.016215,0.020593,0.01738
penn_wharton_china_center,Penn Wharton China Center,49,49,43,0.877551,43.000001,security_strategy,0.355112,governance_law,0.320749,0.034363,False,True,False,2015.0,2025.0,0.355112,0.071675,0.103968,0.0,0.320749,0.148496,0.028144,0.015998,0.010712,0.22664,0.001034,0.037214,0.0,0.0,0.023018,0.068419,0.0,0.03588
princeton_china_center,Princeton China Center,41,41,34,0.829268,34.0,security_strategy,0.516755,society_culture,0.219106,0.297649,False,False,False,2017.0,2025.0,0.516755,0.096141,0.037275,0.0,0.130723,0.219106,0.153756,0.149655,0.270316,0.158769,0.172785,0.0,0.0,0.0,0.073535,0.065595,0.018466,0.030757
rsu_china_studies_centre,RSU China Studies Centre,3,3,3,1.0,2.999999,security_strategy,0.399068,economy_trade,0.31112,0.087948,False,False,True,,,0.399068,0.31112,0.141848,0.029684,0.111691,0.006588,0.073598,0.25723,0.081248,0.232997,0.022063,0.235406,0.024334,0.349148,0.010777,0.311677,0.182715,0.137024
red_alc_china,Red ALC-China,1,1,1,1.0,1.0,economy_trade,1.0,security_strategy,0.0,1.0,False,False,True,2022.0,2022.0,0.0,1.0,0.0,0.0,0.0,0.0,0.0,0.0,0.0,0.0,0.0,0.0,0.0,0.0,0.0,0.0,0.0,0.0
research_centre_for_china_s_heritage_studies,Research Centre for China's Heritage Studies,15,15,10,0.666667,10.000001,society_culture,0.848892,governance_law,0.119129,0.729763,False,False,True,2012.0,2024.0,0.0,0.024835,0.007143,0.0,0.119129,0.848892,0.0,0.0,0.0,0.0,0.0,0.0,0.0,0.0,0.0,0.0,0.0,0.0
soas_china_institute,SOAS China Institute,192,192,161,0.838542,161.0,society_culture,0.316265,economy_trade,0.252785,0.06348,False,False,False,2000.0,2025.0,0.160552,0.252785,0.033534,0.004478,0.232386,0.316265,0.018417,0.010547,0.017203,0.022159,0.0,0.007331,0.0,0.019303,0.026657,0.024369,0.018695,0.012348
sigur_center_for_asian_studies,Sigur Center for Asian Studies,175,175,148,0.845714,148.000004,security_strategy,0.635433,economy_trade,0.129956,0.505477,False,False,False,2000.0,2025.0,0.635433,0.129956,0.034769,0.014163,0.11111,0.074569,0.041847,0.144571,0.040446,0.207366,0.028555,0.196298,0.053047,0.191991,0.021979,0.040317,0.013925,0.051597
stanford_center_on_china_s_economy_and_institutions,Stanford Center on China's Economy and Institutions,453,453,379,0.836645,379.000001,society_culture,0.763206,economy_trade,0.116603,0.646603,False,False,False,2002.0,2026.0,0.018067,0.116603,0.076905,0.008177,0.017042,0.763206,0.006175,0.054889,0.003827,0.025072,0.0,0.020618,0.0,0.0,0.0,0.134489,0.000877,0.010651
swedish_national_china_centre,Swedish National China Centre,7,7,7,1.0,6.999999,security_strategy,0.454173,science_technology,0.22371,0.230463,False,False,True,2021.0,2024.0,0.454173,0.151011,0.22371,0.016005,0.108465,0.046636,0.108974,0.106092,0.019798,0.222595,0.020112,0.009391,0.046272,0.0,0.181175,0.197906,0.242929,0.362676
the_china_institute,The China Institute,9,9,6,0.666667,5.999999,security_strategy,0.534474,economy_trade,0.339284,0.19519,False,False,True,2010.0,2021.0,0.534474,0.339284,0.0,0.0,0.076923,0.04932,0.121749,0.095714,0.0,0.018094,0.0,0.0,0.0,0.0,0.0,0.638433,0.211103,0.0
tsinghua_university_latin_america_center,Tsinghua University Latin America Center,3,3,3,1.0,3.0,economy_trade,0.272917,governance_law,0.259615,0.013302,False,True,True,2021.0,2023.0,0.170833,0.272917,0.054487,0.041667,0.259615,0.200481,0.0,0.0,0.0,0.0,0.0,0.0,0.0,0.0,0.0,0.0,0.0,0.0
usc_u_s_china_institute,USC U.S.-China Institute,73,73,55,0.753425,54.999995,security_strategy,0.330767,society_culture,0.260991,0.069776,False,False,False,2003.0,2026.0,0.330767,0.185596,0.113094,0.002848,0.106703,0.260991,0.058501,0.045958,0.041174,0.070639,0.009528,0.020041,0.053327,0.279911,0.005739,0.051984,0.003678,0.04996
university_of_oxford_china_centre,University of Oxford China Centre,255,255,202,0.792157,201.999999,security_strategy,0.252222,society_culture,0.226446,0.025776,False,True,False,2008.0,2026.0,0.252222,0.174254,0.168584,0.026721,0.151774,0.226446,0.045386,0.058736,0.001219,0.112902,0.018445,0.148267,0.0,0.027764,0.030989,0.0195,0.002199,0.035756
weatherhead_east_asian_institute,Weatherhead East Asian Institute,180,180,120,0.666667,119.999996,society_culture,0.439424,security_strategy,0.21088,0.228544,False,False,False,2000.0,2025.0,0.21088,0.118739,0.039088,0.02065,0.171219,0.439424,0.071471,0.038935,0.002035,0.092797,0.016665,0.039914,0.0,0.164043,0.04073,0.092505,0.005026,0.034379
